name,badge,discount,price,old_price,product_url,Link
BABOLAT TECHNICAL VIPER JUAN LEBRON 2024,,42,219.95,379.95,https://www.padelnuestro.com/int/babolat-technical-viper-juan-lebron-2024-110461-p,Clickme
BABOLAT TECHNICAL VIPER 2024,,53,149.95,319.95,https://www.padelnuestro.com/int/babolat-technical-viper-2024-110465-p,Clickme
BABOLAT TECHNICAL VERON 2024,,50,119.95,239.95,https://www.padelnuestro.com/int/babolat-technical-veron-2024-110463-p,Clickme
BABOLAT REVEAL 2022,,38,49.95,80,https://www.padelnuestro.com/int/babolat-reveal-2022-29150-p,Clickme
BABOLAT COUNTER VERTUO 2022,,27,109.95,150,https://www.padelnuestro.com/int/babolat-counter-vertuo-2022-25926-p,Clickme
BABOLAT TECHNICAL VERTUO 2023,,50,89.95,179.95,https://www.padelnuestro.com/int/babolat-technical-vertuo-2023-103652-p,Clickme
BABOLAT TECH VERON JUAN LEBRÓN 2024,,42,149.95,259.95,https://www.padelnuestro.com/int/babolat-tech-veron-juan-lebron-2024-110459-p,Clickme
BABOLAT AIR VERTUO 2022,,40,89.95,150,https://www.padelnuestro.com/int/babolat-air-vertuo-2022-25925-p,Clickme
BABOLAT COUNTER VERTUO 2023,,50,89.95,179.95,https://www.padelnuestro.com/int/babolat-counter-vertuo-2023-103646-p,Clickme
BABOLAT VIPER JUAN LEBRON 2025,,10,341.95,380,https://www.padelnuestro.com/int/babolat-technical-viper-juan-lebron-2025,Clickme
BABOLAT TECHNICAL VERON JUAN LEBRÓN 2025,,10,234.95,259.95,https://www.padelnuestro.com/int/babolat-technical-veron-juan-lebron-2025,Clickme
BABOLAT TECHNICAL VERTUO JUAN LEBRÓN 2025,,15,169.95,199.95,https://www.padelnuestro.com/int/babolat-technical-vertuo-juan-lebron-2025,Clickme
BABOLAT COUNTER VERTUO 2025,,17,149.95,179.95,https://www.padelnuestro.com/int/babolat-counter-vertuo-2025,Clickme
BABOLAT COUNTER VERON 2025,,10,215.95,239.95,https://www.padelnuestro.com/int/babolat-counter-veron-2025,Clickme
BABOLAT COUNTER VIPER 2025,,10,287.95,320,https://www.padelnuestro.com/int/babolat-counter-viper-2025,Clickme
BABOLAT TECHNICAL VERTUO 2025,,11,159.95,179.95,https://www.padelnuestro.com/int/babolat-technical-vertuo-2025,Clickme
BABOLAT AIR VERTUO 2025,,17,149.95,179.95,https://www.padelnuestro.com/int/babolat-air-vertuo-2025,Clickme
BABOLAT AIR VERON 2025,,21,189.95,240,https://www.padelnuestro.com/int/babolat-air-veron-2025,Clickme
BABOLAT TECHNICAL VIPER 2025,,10,287.95,320,https://www.padelnuestro.com/int/babolat-technical-viper-2025,Clickme
BABOLAT TECHNICAL VERON 2025,,21,189.95,239.95,https://www.padelnuestro.com/int/babolat-technical-veron-2025,Clickme
BABOLAT COUNTER VERON 2024,,40,144.95,239.95,https://www.padelnuestro.com/int/babolat-counter-veron-2024-110453-p,Clickme
BABOLAT STIMA ENERGY 2023,,33,159.95,240,https://www.padelnuestro.com/int/babolat-stima-energy-2023-103650-p,Clickme
BABOLAT DYNA ENERGY 2023,,33,159.95,240,https://www.padelnuestro.com/int/babolat-dyna-energy-2023-103648-p,Clickme
BABOLAT X LAMBORGHINI BL002 SCANDAL GREEN,,0,600,,https://www.padelnuestro.com/int/babolat-x-lamborghini-bl002-scandal-green,Clickme
BABOLAT X LAMBORGHINI BL002 BLACK,,0,600,,https://www.padelnuestro.com/int/babolat-x-lamborghini-bl-002-black,Clickme
BABOLAT AIR VIPER 2024,Out of stock,44,179.95,319.95,https://www.padelnuestro.com/int/babolat-air-viper-2024-110451-p,Clickme
BABOLAT STORM 2022,Out of stock,50,49.95,100,https://www.padelnuestro.com/int/babolat-storm-2022-29148-p,Clickme
BABOLAT AIR VIPER 2025,Out of stock,19,259.95,320,https://www.padelnuestro.com/int/babolat-air-viper-2025,Clickme
TEST PADEL RACKET BABOLAT AIR VERON 2025,Out of stock,10,215.95,240,https://www.padelnuestro.com/int/test-padel-racket-babolat-air-veron-2025,Clickme
BABOLAT AIR VERTUO 2023,Out of stock,50,89.95,179.95,https://www.padelnuestro.com/int/babolat-air-vertuo-2023-103664-p,Clickme
BULLPADEL HACK JUNIOR 2023,,44,49.95,89.95,https://www.padelnuestro.com/int/bullpadel-hack-junior-2023-32440-p,Clickme
BULLPADEL XPLO TF 2024,,46,214.95,399.95,https://www.padelnuestro.com/int/bullpadel-xplo-tf-2024,Clickme
BULLPADEL HACK 03 MASTER FINAL 2022,,60,179.95,449.95,https://www.padelnuestro.com/int/bullpadel-hack-03-master-final-2022-32445-p,Clickme
BULLPADEL HACK 03 JR 2024,,39,54.95,89.95,https://www.padelnuestro.com/int/bullpadel-hack-03-jr-2024-110910-p,Clickme
BULLPADEL PEARL TF 2024,,45,164.95,300,https://www.padelnuestro.com/int/bullpadel-pearl-tf-2024,Clickme
BULLPADEL NEURON PREMIER 2025,,11,279.95,314.95,https://www.padelnuestro.com/int/bullpadel-neuron-premier-2025,Clickme
BULLPADEL ICON CLOUD 2025,,19,224.95,277.95,https://www.padelnuestro.com/int/bullpadel-icon-cloud-2025,Clickme
BULLPADEL NEURON CLOUD 2025,,19,224.95,277.95,https://www.padelnuestro.com/int/bullpadel-neuron-cloud-2025,Clickme
BULLPADEL PEARL CLOUD 2025,,19,224.95,277.95,https://www.padelnuestro.com/int/bullpadel-pearl-cloud-2025,Clickme
BULLPADEL HACK 03 24 - PAQUITO NAVARRO,,47,154.95,289.95,https://www.padelnuestro.com/int/bullpadel-hack-03-24-110861-p,Clickme
BULLPADEL HACK 03 COMFORT 24,,50,109.95,219.95,https://www.padelnuestro.com/int/bullpadel-hack-03-comfort-24-110862-p,Clickme
BULLPADEL INDIGA PWR 2024,,25,59.95,79.95,https://www.padelnuestro.com/int/bullpadel-indiga-pwr-2024-32437-p,Clickme
BULLPADEL VERTEX 04 25,,21,244.95,309.95,https://www.padelnuestro.com/int/bullpadel-vertex-04-25-113772-p,Clickme
BULLPADEL XPLO 25,,27,224.95,309.95,https://www.padelnuestro.com/int/bullpadel-xplo-2025-113777-p,Clickme
BULLPADEL NEURON,,48,139.95,269.95,https://www.padelnuestro.com/int/bullpadel-neuron-110864-p,Clickme
BULLPADEL VERTEX 04,,43,169.95,299.95,https://www.padelnuestro.com/int/bullpadel-vertex-04-110865-p,Clickme
BULLPADEL VERTEX 04 COMFORT,,41,129.95,219.95,https://www.padelnuestro.com/int/bullpadel-vertex-04-comfort-110866-p,Clickme
BULLPADEL VERTEX 04 HYBRID 25,,26,229.95,309.95,https://www.padelnuestro.com/int/bullpadel-vertex-04-hybrid-25-113773-p,Clickme
BULLPADEL RAIDER POWER BLUE,,45,54.95,99.95,https://www.padelnuestro.com/int/bullpadel-raider-power-blue-26104-p,Clickme
BULLPADEL HACK 04 2025 - PAQUITO NAVARRO,,18,244.95,299.95,https://www.padelnuestro.com/int/bullpadel-hack-04-25-113754-p,Clickme
BULLPADEL VERTEX 04 HYBRID,,43,169.95,299.95,https://www.padelnuestro.com/int/bullpadel-vertex-04-hybrid-110867-p,Clickme
BULLPADEL VERTEX 03 COMFORT 2023,,55,109.95,244.95,https://www.padelnuestro.com/int/bullpadel-vertex-03-comfort-2023-32426-p,Clickme
BULLPADEL PEARL BEA GONZALEZ 2024,,40,164.95,272.95,https://www.padelnuestro.com/int/bullpadel-pearl-bea-gonzalez-2024-112922-p,Clickme
BULLPADEL VERTEX 04 JR 2025,,28,64.95,89.95,https://www.padelnuestro.com/int/bullpadel-vertex-04-jr-2025,Clickme
BULLPADEL BP10 EVO 2025,,25,89.95,119.95,https://www.padelnuestro.com/int/bullpadel-bp10-evo-2025,Clickme
BULLPADEL XPLO PREMIER 2025,,10,284.95,314.95,https://www.padelnuestro.com/int/bullpadel-xplo-premier-2025,Clickme
BULLPADEL GOLD XSERIES 3.0,Exclusive,75,59.95,239.96,https://www.padelnuestro.com/int/bullpadel-gold-xseries-3-0-24563-p,Clickme
BULLPADEL IONIC CONTROL 2025,,25,134.95,179.95,https://www.padelnuestro.com/int/bullpadel-ionic-control-2025,Clickme
BULLPADEL INDIGA POWER 2025,,19,64.95,79.95,https://www.padelnuestro.com/int/bullpadel-indiga-power-2025,Clickme
BULLPADEL VERTEX W JR 2025,,28,64.95,89.95,https://www.padelnuestro.com/int/bullpadel-vertex-w-jr-2025,Clickme
BULLPADEL IONIC POWER 2025,,25,134.95,179.95,https://www.padelnuestro.com/int/bullpadel-ionic-power-2025,Clickme
BULLPADEL ICON 2025,,18,244.95,299.95,https://www.padelnuestro.com/int/bullpadel-icon-2025,Clickme
BULLPADEL HACK JUNIOR 2025,,28,64.95,89.95,https://www.padelnuestro.com/int/bullpadel-hack-junior-2025,Clickme
BULLPADEL VERTEX BOY JUNIOR 2023,,44,49.95,89.99,https://www.padelnuestro.com/int/bullpadel-vertex-boy-junior-2023-32441-p,Clickme
BULLPADEL ELITE LIGHT W WOMEN 2023,,57,79.95,184.95,https://www.padelnuestro.com/int/bullpadel-elite-light-w-women-2023-32433-p,Clickme
BULLPADEL VERTEX 04 25 WOMEN'S,,20,194.95,244.95,https://www.padelnuestro.com/int/bullpadel-vertex-04-25-women-s-113774-p,Clickme
BULLPADEL IONIC CONTROL 2023,,55,99.95,219.95,https://www.padelnuestro.com/int/bullpadel-ionic-control-2023-32431-p,Clickme
BULLPADEL XPLO COMFORT 25,,25,169.95,227.95,https://www.padelnuestro.com/int/bullpadel-xplo-comfort-25-113778-p,Clickme
BULLPADEL HACK 04 HYBRID 25,,20,239.95,299.95,https://www.padelnuestro.com/int/bullpadel-hack-04-hybrid-25-113755-p,Clickme
BULLPADEL NEURON 25,,14,249.95,289.95,https://www.padelnuestro.com/int/bullpadel-neuron-25-113768-p,Clickme
BULLPADEL ELITE W 25 WOMEN'S,,10,244.95,272.95,https://www.padelnuestro.com/int/bullpadel-elite-w-25-women-s-113751-p,Clickme
BULLPADEL FLOW 25 WOMAN,,22,189.95,244.95,https://www.padelnuestro.com/int/bullpadel-flow-25-woman-113753-p,Clickme
BULLPADEL HACK 02 PRF 2024,,43,79.95,139.95,https://www.padelnuestro.com/int/bullpadel-hack-02-prf-2024-110909-p,Clickme
BULLPADEL K2 POWER 2023,,40,59.95,99.95,https://www.padelnuestro.com/int/bullpadel-k2-power-2023-32434-p,Clickme
BULLPADEL VERTEX 03 W WOMEN'S 2023,,71,74.95,259.95,https://www.padelnuestro.com/int/bullpadel-vertex-03-w-women-s-2023-32427-p,Clickme
BULLPADEL ELITE W MASTER FINAL 2022,Out of stock,50,169.95,339.95,https://www.padelnuestro.com/int/bullpadel-elite-w-master-final-2022-32446-p,Clickme
BULLPADEL HACK 03 CONTROL 2022,Out of stock,65,114.95,324.95,https://www.padelnuestro.com/int/bullpadel-hack-03-control-2022-26107-p,Clickme
BULLPADEL NEURON TF 2024,Out of stock,50,199.95,399.95,https://www.padelnuestro.com/int/bullpadel-neuron-tf-2024,Clickme
BULLPADEL FLOW WOMAN,Out of stock,57,99.95,235,https://www.padelnuestro.com/int/bullpadel-flow-woman,Clickme
BULLPADEL VERTEX 04 TF 2024,Out of stock,46,214.95,399.99,https://www.padelnuestro.com/int/bullpadel-vertex-04-tf-2024,Clickme
BULLPADEL AXYM DB 2022,Out of stock,61,69.95,179.95,https://www.padelnuestro.com/int/bullpadel-axym-db-2022-26116-p,Clickme
BULLPADEL IONIC LIGHT TF 2024,Out of stock,33,159.95,239.95,https://www.padelnuestro.com/int/bullpadel-ionic-light-tf-2024,Clickme
BULLPADEL HACK 04 TF 2024,Out of stock,46,214.95,399.95,https://www.padelnuestro.com/int/bullpadel-hack-04-tf-2024,Clickme
BULLPADEL ELITE TF 24,Out of stock,46,161.95,300,https://www.padelnuestro.com/int/bullpadel-elite-tf-24,Clickme
BULLPADEL VERTEX 03 COMFORT 2022,Out of stock,51,109.95,224.95,https://www.padelnuestro.com/int/bullpadel-vertex-03-comfort-2022-26113-p,Clickme
BULLPADEL LEGEND 4.0 WOMAN,Out of stock,65,69.95,199.95,https://www.padelnuestro.com/int/bullpadel-legend-4-0-woman-26842-p,Clickme
BULLPADEL VERTEX 03 WOMAN 2022,Out of stock,56,99.95,224.95,https://www.padelnuestro.com/int/bullpadel-vertex-03-woman-2022-26111-p,Clickme
BULLPADEL VERTEX 03 2023,Out of stock,57,149.95,349.95,https://www.padelnuestro.com/int/bullpadel-vertex-03-2023-32424-p,Clickme
PACK BULLPADEL VERTEX04 MANTÍN DI NENNO 2024,Out of stock,0,199.95,,https://www.padelnuestro.com/int/pack-bullpadel-vertex04-mantin-di-nenno-2024,Clickme
BULLPADEL INDIGA CONTROL 2025,Out of stock,6,74.95,79.94,https://www.padelnuestro.com/int/bullpadel-indiga-control-2025,Clickme
BULLPADEL VERTEX 04 W PREMIER 2025,,10,224.95,249.95,https://www.padelnuestro.com/int/bullpadel-vertex-04-w-premier-2025,Clickme
BULLPADEL HACK 04 PREMIER 2025,,6,294.95,314.95,https://www.padelnuestro.com/int/bullpadel-hack-04-premier-2025,Clickme
Bullpadel Vertex 04 Master Final 2023,Out of stock,46,189.95,349.94,https://www.padelnuestro.com/int/bullpadel-vertex-04-master-final-2023-111380-p,Clickme
Bullpadel Hack 03 Master Final 23,Out of stock,49,178.95,349.94,https://www.padelnuestro.com/int/bullpadel-hack-03-master-final-23-111378-p,Clickme
BULLPADEL INDIGA GIRL 2025,Out of stock,0,59.95,,https://www.padelnuestro.com/int/bullpadel-indiga-girl-2025,Clickme
BULLPADEL VERTEX 04 W TF 2024 WOMAN,Out of stock,33,199.95,300,https://www.padelnuestro.com/int/bullpadel-vertex-04-w-tf-2024-mujer,Clickme
BULLPADEL HACK 03 HYBRID 24,Out of stock,45,159.95,289.95,https://www.padelnuestro.com/int/bullpadel-hack-03-hybrid-24-110863-p,Clickme
BULLPADEL K2 POWER 2025,Out of stock,25,74.95,99.95,https://www.padelnuestro.com/int/bullpadel-k2-power-2025,Clickme
BULLPADEL IONIC LIGHT 2025,Out of stock,27,109.95,149.96,https://www.padelnuestro.com/int/bullpadel-ionic-light-2025,Clickme
BULLPADEL INDIGA W 2025 WOMEN'S,Out of stock,19,64.95,79.94,https://www.padelnuestro.com/int/bullpadel-indiga-w-2025-women-s,Clickme
BULLPADEL INDIGA BOY 2025,Out of stock,0,59.95,,https://www.padelnuestro.com/int/bullpadel-indiga-boy-2025,Clickme
BULLPADEL FLOW LIGHT 2025,Out of stock,28,89.95,124.94,https://www.padelnuestro.com/int/bullpadel-flow-light-2025,Clickme
BULLPADEL AXYM DB 2023,Out of stock,60,79.95,199.95,https://www.padelnuestro.com/int/bullpadel-axym-db-2023-32432-p,Clickme
BULLPADEL INDIGA POWER 2022 PADEL RACKET,Out of stock,38,49.95,79.95,https://www.padelnuestro.com/int/bullpadel-indiga-power-2022-padel-racket-26122-p,Clickme
BULLPADEL ELITE W 24,Out of stock,42,159.95,277.95,https://www.padelnuestro.com/int/bullpadel-elite-w-24-110859-p,Clickme
BULLPADEL FLOW TF 24,Out of stock,39,181.95,300,https://www.padelnuestro.com/int/bullpadel-flow-tf-24,Clickme
BULLPADEL RAIDER CONTROL,Out of stock,41,58.95,99.95,https://www.padelnuestro.com/int/bullpadel-raider-control-21725-p,Clickme
BULLPADEL ELITE W WOMAN 2023,Out of stock,61,109.95,279.95,https://www.padelnuestro.com/int/bullpadel-elite-w-woman-2023-32429-p,Clickme
HEAD MONSTER KIDS PADEL RACKET,,40,44.95,74.95,https://www.padelnuestro.com/int/head-monster-kids-padel-racket-26444-p,Clickme
HEAD DELTA JUNIOR 2022 PADEL RACKET,,50,49.95,99.95,https://www.padelnuestro.com/int/head-delta-junior-2022-padel-racket-26443-p,Clickme
HEAD ONE ULTRALIGHT WHITE 2025,,42,139.95,239.95,https://www.padelnuestro.com/int/head-one-ultralight-white-2025,Clickme
HEAD SPEED ONE 2025,,10,251.95,280,https://www.padelnuestro.com/int/head-speed-one-2025,Clickme
HEAD SPEED ONE X 2025,,10,269.95,300,https://www.padelnuestro.com/int/head-speed-one-x-2025,Clickme
HEAD EXTREME ONE 2023,,41,164.95,279.95,https://www.padelnuestro.com/int/head-extreme-one-2023-110103-p,Clickme
HEAD COELLO PRO 2025,,10,314.95,350,https://www.padelnuestro.com/int/head-coello-pro-2025,Clickme
HEAD COELLO MOTION 2025,,10,314.95,350,https://www.padelnuestro.com/int/head-coello-motion-2025,Clickme
HEAD GRAPHENE TOUCH ALPHA PRO,Exclusive,52,129.95,269.95,https://www.padelnuestro.com/int/head-graphene-touch-alpha-pro-29557-p,Clickme
HEAD COELLO TEAM 2025,,23,169.95,219.95,https://www.padelnuestro.com/int/head-coello-team-2025,Clickme
HEAD COELLO VIBE 2025,,25,104.95,140,https://www.padelnuestro.com/int/head-coello-vibe-2025,Clickme
HEAD VIBE BLACK/PURPLE 2025,,30,69.95,99.99,https://www.padelnuestro.com/int/head-vibe-black-purple-2025,Clickme
HEAD EVO SPEED 2025,,11,79.95,89.95,https://www.padelnuestro.com/int/head-evo-speed-2025,Clickme
HEAD COELLO JUNIOR 2025,,18,89.95,110,https://www.padelnuestro.com/int/head-coello-junior-2025,Clickme
HEAD BOLT TALL/BLACK 2025,,25,74.95,99.95,https://www.padelnuestro.com/int/head-bolt-tall-black-2025,Clickme
HEAD VIBE BLUE/RED 2025,,30,69.95,99.95,https://www.padelnuestro.com/int/pala-head-vibe-2025-bl-rd-226135,Clickme
HEAD SPEED PRO 2025,,10,251.95,280,https://www.padelnuestro.com/int/head-speed-pro-2025,Clickme
HEAD SPEED JUNIOR 2025,,20,79.95,99.95,https://www.padelnuestro.com/int/head-speed-junior-2025,Clickme
HEAD BOLT 2025 BLUE,,30,69.95,99.95,https://www.padelnuestro.com/int/head-bolt-2025-blue,Clickme
HEAD BOLT 2025 BLACK,,25,74.95,99.95,https://www.padelnuestro.com/int/head-bolt-2025,Clickme
HEAD SPEED TEAM 2025,,10,179.95,200,https://www.padelnuestro.com/int/head-speed-team-2025,Clickme
HEAD ONE ULTRALIGHT BLACK 2025,,42,139.95,239.95,https://www.padelnuestro.com/int/pala-head-one-ultralight-black-225024,Clickme
HEAD SPEED MOTION 2025 - ARI SANCHEZ,,15,204.95,240,https://www.padelnuestro.com/int/head-speed-motion-2025,Clickme
HEAD SPEED PRO X 2025,,10,269.95,300,https://www.padelnuestro.com/int/head-speed-pro-x-2025,Clickme
HEAD EXTREME MOTION 2023 PADEL RACKET,,33,159.95,239.95,https://www.padelnuestro.com/int/head-extreme-motion-2023-padel-racket-110102-p,Clickme
HEAD EXTREME ELITE 2023,,40,119.95,199.95,https://www.padelnuestro.com/int/head-extreme-elite-2023-110100-p,Clickme
HEAD GRAVITY TEAM 2024,,33,119.95,179.95,https://www.padelnuestro.com/int/head-gravity-team-2024-113826-p,Clickme
HEAD GRAVITY TEAM LIGHT 2024,,27,109.95,149.95,https://www.padelnuestro.com/int/head-gravity-team-light-2024-113829-p,Clickme
Head Radical Pro 2024,,36,179.95,279.95,https://www.padelnuestro.com/int/head-radical-pro-2024-111513-p,Clickme
Head Radical Motion 2024,,40,144.95,239.95,https://www.padelnuestro.com/int/head-radical-motion-2024-111512-p,Clickme
Head Radical Elite 2024,,45,109.95,199.95,https://www.padelnuestro.com/int/head-radical-elite-2024-111511-p,Clickme
HEAD EVO EXTREME 2023,,28,64.95,89.95,https://www.padelnuestro.com/int/head-evo-extreme-2023-110099-p,Clickme
HEAD SPEED JUNIOR 2023,,30,69.95,99.95,https://www.padelnuestro.com/int/head-speed-junior-2023-32522-p,Clickme
HEAD EXTREME JUNIOR 2023 PADEL RACKET,,30,69.95,99.95,https://www.padelnuestro.com/int/head-extreme-junior-2023-padel-racket-110101-p,Clickme
HEAD MONSTER KIDS,,20,59.95,74.95,https://www.padelnuestro.com/int/head-monster-kids-112549-p,Clickme
HEAD SPEED ELITE 2023,Out of stock,57,94.95,219.95,https://www.padelnuestro.com/int/head-speed-elite-2023-32511-p,Clickme
HEAD FLASH W 2022 228272,Out of stock,39,54.95,90,https://www.padelnuestro.com/int/head-flash-w-2022-228272-26441-p,Clickme
HEAD GRAPHENE XT SPARK CONTROL 2 WITH CB,Out of stock,65,69.95,200,https://www.padelnuestro.com/int/head-graphene-xt-spark-control-2-with-cb-29571-p,Clickme
HEAD ULTIMATE POWER YELLOW WITH CB,Out of stock,56,69.95,160,https://www.padelnuestro.com/int/head-ultimate-power-yellow-with-cb-29566-p,Clickme
HEAD EXTREME PRO,Out of stock,34,184.95,279.95,https://www.padelnuestro.com/int/head-extreme-pro-110105-p,Clickme
HEAD GRAPHENE 360+ ALPHA TOUR,Out of stock,58,99.95,239.95,https://www.padelnuestro.com/int/head-graphene-360-alpha-tour-104744-p,Clickme
HEAD COELLO PRO SPECIAL PACKAGING 2025,,10,314.95,349.95,https://www.padelnuestro.com/int/head-coello-pro-special-packaging-2025,Clickme
RED HEAD CALIBRE PADEL RACKET,Out of stock,72,44.95,159.95,https://www.padelnuestro.com/int/red-head-calibre-padel-racket,Clickme
HEAD GRAPHENE 360 ALPHA TOUR,Out of stock,65,84.95,239.95,https://www.padelnuestro.com/int/head-graphene-360-alpha-tour-22959-p,Clickme
HEAD GRAPHENE 360 DELTA GOLD,Out of stock,60,99.95,250,https://www.padelnuestro.com/int/head-graphene-360-delta-gold-25217-p,Clickme
HEAD GRAPHENE 360 ALPHA CONTROL,Out of stock,50,119.95,239.95,https://www.padelnuestro.com/int/head-graphene-360-alpha-control-29570-p,Clickme
HEAD GRAVITY PRO 2024,Out of stock,29,169.95,239.95,https://www.padelnuestro.com/int/head-gravity-pro-2024-113828-p,Clickme
HEAD GRAVITY MOTION 2024,Out of stock,30,139.95,199.95,https://www.padelnuestro.com/int/head-gravity-motion-2024-113827-p,Clickme
HEAD EXTREME PRO ARTURO COELLO 2024,Out of stock,25,239.95,319.95,https://www.padelnuestro.com/int/head-extreme-pro-arturo-coello-2024-112801-p,Clickme
HEAD SPEED MOTION ARI SÁNCHEZ 2024,Out of stock,40,155.95,259.95,https://www.padelnuestro.com/int/head-speed-motion-ari-sanchez-2024-112802-p,Clickme
HEAD EXTREME MOTION PAULA JOSEMARIA 2024,Out of stock,40,155.95,259.95,https://www.padelnuestro.com/int/head-extreme-motion-paula-josemaria-2024-112800-p,Clickme
HEAD GRAPHENE 360 ALPHA ULTIMATE PADEL RACKET,Out of stock,58,99.95,239.95,https://www.padelnuestro.com/int/head-graphene-360-alpha-ultimate-padel-racket-29558-p,Clickme
HEAD GRAPHENE TOUCH EXPLOSION,Out of stock,50,99.95,199.95,https://www.padelnuestro.com/int/head-graphene-touch-explosion-30330-p,Clickme
HEAD ULTIMATE POWER II WITH CB ORANGE,Out of stock,58,74.95,179.95,https://www.padelnuestro.com/int/head-ultimate-power-ii-with-cb-orange-29569-p,Clickme
LOK MAXX FLOW 2024,,42,174.95,300,https://www.padelnuestro.com/int/lok-maxx-flow-2024-112982-p,Clickme
LOK CARB-ON FLOW 2024,,42,144.95,249.95,https://www.padelnuestro.com/int/lok-carb-on-flow-2024-112978-p,Clickme
LOK CARB-ON HYPE 2024,,42,144.95,249.95,https://www.padelnuestro.com/int/lok-carb-on-hype-2024-112979-p,Clickme
LOK EASY HYPE 2024,,42,104.95,180,https://www.padelnuestro.com/int/lok-easy-hype-2024-112981-p,Clickme
LOK EASY FLOW 2024,,42,104.95,180,https://www.padelnuestro.com/int/lok-easy-flow-2024-112980-p,Clickme
LOK BE FLOW 2024,,41,64.95,110,https://www.padelnuestro.com/int/lok-be-flow-2024-112976-p,Clickme
LOK BE HYPE 2024,,41,64.95,110,https://www.padelnuestro.com/int/lok-be-hype-2024-112977-p,Clickme
LOK MAXX HYPE 2024,Out of stock,27,219.95,300,https://www.padelnuestro.com/int/lok-maxx-hype-2024-112983-p,Clickme
SIUX ELECTRA ST3 GO,,47,99.95,189,https://www.padelnuestro.com/int/109474-p,Clickme
SIUX FENIX GO 4,,43,99.95,174.99,https://www.padelnuestro.com/int/siux-fenix-go-4-109478-p,Clickme
SIUX DIABLO GO 3,,47,99.95,189,https://www.padelnuestro.com/int/siux-diablo-go-3-109470-p,Clickme
SIUX PEGASUS REVOLUTION 3K 2023,,44,179.95,320,https://www.padelnuestro.com/int/siux-pegasus-revolution-3k-2023-28747-p,Clickme
SIUX BLACK CARBON REVOLUTION 3K,,23,229.95,299,https://www.padelnuestro.com/int/siux-black-carbon-revolution-3k-24395-p,Clickme
SIUX TRILOGY II CONTROL 24K PATTY LLAGUNO 2023,,66,119.95,350,https://www.padelnuestro.com/int/siux-trilogy-ii-control-24k-patty-llaguno-2023-28753-p,Clickme
SIUX FENIX PRO 5 2025,,11,289.95,324.95,https://www.padelnuestro.com/int/siux-fenix-pro-5-2025,Clickme
SIUX DIABLO PRO 4 2025,,11,289.95,324.95,https://www.padelnuestro.com/int/siux-diablo-pro-4-2025,Clickme
SIUX ELECTRA STUPA PRO ST4 2025,,23,249.95,324.95,https://www.padelnuestro.com/int/siux-electra-stupa-pro-st4-2025,Clickme
SIUX VALKIRIA PRO 2025,,10,292.95,324.99,https://www.padelnuestro.com/int/siux-valkiria-pro-2025,Clickme
SIUX TRILOGY PRO 5 2025,,11,289.95,324.95,https://www.padelnuestro.com/int/siux-trilogy-pro-5-2025,Clickme
SIUX PEGASUS REVOLUTION 2,Exclusive,54,159.95,349.94,https://www.padelnuestro.com/int/siux-pegasus-revolution-2-109481-p,Clickme
SIUX ELECTRA 4 FLOW,Exclusive,0,279,,https://www.padelnuestro.com/int/siux-electra-4-flow,Clickme
SIUX TRILOGY ELITE 5,,21,179.95,229,https://www.padelnuestro.com/int/siux-trilogy-elite-5,Clickme
SIUX DIABLO ELITE 4 2025,,10,206.95,229,https://www.padelnuestro.com/int/siux-diablo-elite-4-2025,Clickme
SIUX BLACK CARBON REVOLUTION 2 ORANGE,,0,229.95,,https://www.padelnuestro.com/int/siux-black-carbon-revolution-2-24394-p,Clickme
SIUX EVOQUE 3,,55,89.95,199.95,https://www.padelnuestro.com/int/28779-p,Clickme
SIUX VIKING IV,,54,59.95,129.95,https://www.padelnuestro.com/int/siux-viking-iv-28784-p,Clickme
SIUX GEA,,18,159.95,194.95,https://www.padelnuestro.com/int/siux-gea,Clickme
SIUX FENIX III JAVI RUIZ PRO,,63,129.95,350,https://www.padelnuestro.com/int/siux-fenix-iii-javi-ruiz-pro-28751-p,Clickme
SIUX BLACK CARBON REVOLUTION 2 RED,,29,229.95,325.95,https://www.padelnuestro.com/int/siux-black-carbon-revolution-2-racket-106184-p,Clickme
SIUX ELECTRA ST1,,57,129.95,299,https://www.padelnuestro.com/int/siux-electra-st1-25186-p,Clickme
SIUX DIABLO GO 4,,21,109.95,139,https://www.padelnuestro.com/int/siux-diablo-go-4,Clickme
SIUX TRILOGY GO 4 WOMEN'S,,40,89.95,149,https://www.padelnuestro.com/int/siux-trilogy-go-4-women-s,Clickme
SIUX TRILOGY GO 5,,21,109.95,139,https://www.padelnuestro.com/int/siux-trilogy-go-5,Clickme
SIUX ELECTRA GO 4,,29,98.95,139,https://www.padelnuestro.com/int/siux-electra-go-4,Clickme
SIUX INVICTA 2023,,64,79.95,219.95,https://www.padelnuestro.com/int/siux-invicta-2023-28777-p,Clickme
SIUX TRILOGY GO 4,,43,99.95,175,https://www.padelnuestro.com/int/siux-trilogy-go-4-109484-p,Clickme
SIUX FENIX ELITE 5,,13,199.95,229,https://www.padelnuestro.com/int/siux-fenix-elite-5,Clickme
SIUX SX6,,53,65.95,139.95,https://www.padelnuestro.com/int/siux-sx6-24750-p,Clickme
SIUX DIABLO REVOLUTION II SANYO PRO RACKET,,60,139.95,350,https://www.padelnuestro.com/int/siux-diablo-revolution-ii-sanyo-pro-racket-31929-p,Clickme
SIUX ELECTRA ST3 STUPA PRO,Exclusive,44,164.95,295,https://www.padelnuestro.com/int/109477-p,Clickme
SIUX BEAT JUNIOR 2025,,20,59.95,75,https://www.padelnuestro.com/int/siux-beat-junior-2025,Clickme
SIUX ELECTRA ST3 LITE,,39,139.95,229,https://www.padelnuestro.com/int/109476-p,Clickme
SIUX ELECTRA ELITE 4 2025,,24,174.95,229,https://www.padelnuestro.com/int/siux-electra-elite-4-2025,Clickme
SIUX BEAT HYBRID AIR 2 2025,,24,64.95,85,https://www.padelnuestro.com/int/siux-beat-hybrid-air-2-2025,Clickme
SIUX BEAT HYBRID 2 2025,,29,59.95,84.95,https://www.padelnuestro.com/int/siux-beat-hybrid-2-2025,Clickme
SIUX BEAT CONTROL 2 2025,,18,69.95,85,https://www.padelnuestro.com/int/siux-beat-control-2-2025,Clickme
SIUX VALKIRIA ELITE 2025 WOMAN,,21,179.95,229,https://www.padelnuestro.com/int/siux-valkiria-elite-2025-woman,Clickme
SIUX SPYDER LITE 3 HARD,,26,169.95,229,https://www.padelnuestro.com/int/siux-spyder-lite-3-hard-109482-p,Clickme
SIUX SPYDER LITE CTRL 3 HARD,,28,164.95,229,https://www.padelnuestro.com/int/siux-spyder-lite-ctrl-3-hard-109483-p,Clickme
SIUX TRILOGY 3 CONTROL RACKET,,64,114.95,319.95,https://www.padelnuestro.com/int/siux-trilogy-3-control-racket-28756-p,Clickme
SIUX TRILOGY 4 CONTROL LITE AIR W,,52,109.95,229,https://www.padelnuestro.com/int/siux-trilogy-4-control-lite-air-w-109591-p,Clickme
SIUX PEGASUS REVOLUTION CUBE,,59,164.95,399.95,https://www.padelnuestro.com/int/siux-pegasus-revolution-cube-24659-p,Clickme
SIUX ELECTRA ST2 JUNIOR,,33,59.95,89.95,https://www.padelnuestro.com/int/siux-electra-st2-junior-28787-p,Clickme
SIUX PEGASUS GRAPHENE 1K PADEL RACKET,,39,174.95,286,https://www.padelnuestro.com/int/siux-pegasus-graphene-1k-padel-racket-20110-p,Clickme
SIUX LIBERTY HYBRID,,70,89.95,299,https://www.padelnuestro.com/int/siux-liberty-hybrid-108573-p,Clickme
SIUX LIBERTY CONTROL,,70,89.95,299,https://www.padelnuestro.com/int/siux-liberty-control-108572-p,Clickme
DUO PACK SIUX DIABLO GO 3,,55,184.95,406.95,https://www.padelnuestro.com/int/duo-pack-siux-diablo-go-3,Clickme
PACK DUO SIUX ELECTRA LITE 3,,53,229.95,484.96,https://www.padelnuestro.com/int/pack-duo-siux-electra-lite-3,Clickme
SIUX DIABLO DIABLO REVOLUTION 2 JUNIOR BLUE,,38,49.95,79.94,https://www.padelnuestro.com/int/siux-diablo-diablo-revolution-2-junior-blue-28788-p,Clickme
SIUX DIABLO DIABLO REVOLUTION 2 JUNIOR GREEN,,38,49.95,79.94,https://www.padelnuestro.com/int/siux-diablo-diablo-revolution-2-junior-green-28789-p,Clickme
SIUX BLACK CARBON SANDY SHINE,Out of stock,43,129.95,229.95,https://www.padelnuestro.com/int/siux-black-carbon-sandy-shine,Clickme
SIUX SX7 AIR,Out of stock,45,59.95,109,https://www.padelnuestro.com/int/siux-sx7-air-28786-p,Clickme
SIUX FENIX PRO 5 BLACK,,9,294.95,324.95,https://www.padelnuestro.com/int/siux-fenix-pro-5-black,Clickme
SIUX FENIX PRO 4,Out of stock,39,179.95,295,https://www.padelnuestro.com/int/siux-fenix-pro-4-109479-p,Clickme
SIUX DIABLO REVOLUTION PRO 3,Out of stock,42,169.95,295,https://www.padelnuestro.com/int/siux-diablo-revolution-pro-3-109473-p,Clickme
SIUX SPARTAN REVOLUTION 2 2023,Out of stock,69,89.95,290,https://www.padelnuestro.com/int/siux-spartan-revolution-2-2023-28763-p,Clickme
SIUX ADRENALINE IBAI EDITION,Out of stock,39,59.95,99,https://www.padelnuestro.com/int/siux-adrenaline-ibai-edition-27772-p,Clickme
SIUX ELECTRA ST3 SPECIAL EDITION,Out of stock,48,179.95,349,https://www.padelnuestro.com/int/siux-electra-st3-special-edition,Clickme
SIUX GENESIS HYBRID 12K,Out of stock,26,219.95,299,https://www.padelnuestro.com/int/siux-genesis-hybrid-12k-26376-p,Clickme
SIUX FENIX 3K PADEL RACKET,Out of stock,48,139.95,269,https://www.padelnuestro.com/int/siux-fenix-3k-padel-racket-22774-p,Clickme
SIUX GENESIS POWER 12K,Out of stock,0,244.95,245,https://www.padelnuestro.com/int/siux-genesis-power-12k-26377-p,Clickme
SIUX TRILOGY CONTROL PRO 4,Out of stock,41,174.95,295,https://www.padelnuestro.com/int/siux-trilogy-control-pro-4-109486-p,Clickme
SIUX BEAT HYBRID,Out of stock,18,64.95,79,https://www.padelnuestro.com/int/109468-p,Clickme
SIUX BEAT HYBRID AIR,Out of stock,18,64.95,79,https://www.padelnuestro.com/int/siux-beat-hybrid-air-109469-p,Clickme
SIUX BEAT CONTROL,Out of stock,20,62.95,79,https://www.padelnuestro.com/int/siux-beat-control-109467-p,Clickme
SIUX ULTRA PRO,Out of stock,48,169.95,329.95,https://www.padelnuestro.com/int/109487-p,Clickme
SIUX ELECTRA ST2 CONTROL RACKET,Out of stock,53,139.95,299,https://www.padelnuestro.com/int/siux-electra-st2-control-racket-30237-p,Clickme
Siux Beat Kid,Out of stock,30,47.95,68.99,https://www.padelnuestro.com/int/siux-beat-kid-109592-p,Clickme
SIUX VELOX FLEX GREEN,,9,134.95,149,https://www.padelnuestro.com/int/siux-velox-flex-green,Clickme
SIUX SPYDER 4 CONTROL FLEX,,0,139,,https://www.padelnuestro.com/int/siux-spyder-4-control-flex,Clickme
SIUX VELOX FLEX BLUE,Out of stock,9,134.95,149,https://www.padelnuestro.com/int/siux-velox-flex-blue,Clickme
SIUX EVOQUE 3 AIR,Out of stock,62,74.95,199,https://www.padelnuestro.com/int/siux-evoque-3-air-28780-p,Clickme
STARVIE EXODUS GOLD 2025,,19,161.95,199.95,https://www.padelnuestro.com/int/starvie-exodus-gold-2025,Clickme
STARVIE EXODUS BLACK 2025,,19,161.95,199.95,https://www.padelnuestro.com/int/starvie-exodus-black-2025,Clickme
STARVIE ASTRUM PRO 2025,,34,184.95,279.95,https://www.padelnuestro.com/int/starvie-astrum-pro-2025-114811-p,Clickme
STARVIE BRAVA PRO 2025,,34,178.95,269.95,https://www.padelnuestro.com/int/starvie-brava-pro-2025-114815-p,Clickme
STARVIE DRAX 2025,,35,199.95,309.95,https://www.padelnuestro.com/int/starvie-drax-2025-114818-p,Clickme
STARVIE BRAVA 2025,,34,178.95,269.95,https://www.padelnuestro.com/int/starvie-brava-2025-114816-p,Clickme
STARVIE DRAX PRO TOUCH 2025,,35,199.95,309.95,https://www.padelnuestro.com/int/starvie-drax-pro-touch-2025-114817-p,Clickme
STARVIE JUNIOR 2025,,9,99.95,109.95,https://www.padelnuestro.com/int/starvie-junior-2025-114819-p,Clickme
Starvie Helion 2024,,29,119.95,169.94,https://www.padelnuestro.com/int/starvie-helion-2024-112014-p,Clickme
Starvie Titania Ultra Speed Soft 2024,,53,89.95,189.95,https://www.padelnuestro.com/int/starvie-titania-ultra-speed-soft-2024-112024-p,Clickme
Starvie Radar 2024,,35,114.95,175.95,https://www.padelnuestro.com/int/starvie-radar-2024-112021-p,Clickme
Starvie Vesta 2024,,36,84.95,131.95,https://www.padelnuestro.com/int/starvie-vesta-2024-112028-p,Clickme
Starvie Junior 2024,,39,64.95,105.95,https://www.padelnuestro.com/int/starvie-junior-2024-112020-p,Clickme
STAR VIE KRAKEN PRO,,43,124.95,220.9,https://www.padelnuestro.com/int/star-vie-kraken-pro-21825-p,Clickme
STAR VIE S2 FLUOR CARBON EFFECT PADEL RACKET,Exclusive,63,109.95,300,https://www.padelnuestro.com/int/star-vie-s2-fluor-carbon-effect-padel-racket-23451-p,Clickme
STAR VIE COMET PADEL RACKET,,41,109.95,185,https://www.padelnuestro.com/int/star-vie-comet-padel-racket-26521-p,Clickme
STAR VIE METHEORA WARRIOR,Exclusive,63,134.95,364.99,https://www.padelnuestro.com/int/star-vie-metheora-warrior-30452-p,Clickme
STARVIE KENTA PRO 2025,Out of stock,33,199.95,299.95,https://www.padelnuestro.com/int/starvie-kenta-pro-2025-114820-p,Clickme
STARVIE KENTA 2025,Out of stock,34,196.95,299.95,https://www.padelnuestro.com/int/starvie-kenta-2025-114821-p,Clickme
STARVIE AQUILA PRO 2025,Out of stock,33,144.95,214.94,https://www.padelnuestro.com/int/starvie-aquila-pro-2025-114809-p,Clickme
STARVIE AQUILA 2025,Out of stock,33,144.95,214.94,https://www.padelnuestro.com/int/starvie-aquila-2025-114810-p,Clickme
STARVIE ASTRUM 2025,Out of stock,34,184.95,279.95,https://www.padelnuestro.com/int/starvie-astrum-2025-114812-p,Clickme
STARVIE RAPTOR PRO TOUCH 2025,Out of stock,34,174.95,264.95,https://www.padelnuestro.com/int/starvie-raptor-pro-touch-2025-114824-p,Clickme
STARVIE TITANIA PRO 2025,Out of stock,34,134.95,204.95,https://www.padelnuestro.com/int/starvie-titania-pro-2025-114827-p,Clickme
STARVIE TRITÓN PRO TOUCH 2025,Out of stock,25,214.95,284.95,https://www.padelnuestro.com/int/starvie-triton-pro-touch-2025-114829-p,Clickme
STARVIE BASALTO PRO 2025,Out of stock,24,189.95,249.95,https://www.padelnuestro.com/int/starvie-basalto-pro-2025-114813-p,Clickme
STARVIE BASALTO 2025,Out of stock,26,184.95,249.95,https://www.padelnuestro.com/int/starvie-basalto-2025-114814-p,Clickme
STARVIE METHEORA PRO TOUCH 2025,Out of stock,35,169.95,259.94,https://www.padelnuestro.com/int/starvie-metheora-pro-touch-2025-114823-p,Clickme
STARVIE METHEORA DUAL 2025,Out of stock,28,186.95,259.94,https://www.padelnuestro.com/int/starvie-metheora-dual-2025-114822-p,Clickme
STARVIE RAPTOR 2025,Out of stock,34,174.95,264.95,https://www.padelnuestro.com/int/starvie-raptor-2025-114825-p,Clickme
STARVIE TITANIA LITE 2025,Out of stock,34,134.95,204.95,https://www.padelnuestro.com/int/starvie-titania-lite-2025-114826-p,Clickme
STARVIE TRITÓN PRO 2025,Out of stock,39,174.95,284.95,https://www.padelnuestro.com/int/starvie-triton-pro-2025-114828-p,Clickme
STARVIE TRITON 2025,Out of stock,39,174.95,284.95,https://www.padelnuestro.com/int/starvie-triton-2025-114830-p,Clickme
Starvie Titania Soft 2024,Out of stock,58,79.95,189.95,https://www.padelnuestro.com/int/starvie-titania-soft-2024-112023-p,Clickme
Starvie Triton Soft,Out of stock,29,179.95,252.95,https://www.padelnuestro.com/int/starvie-triton-soft-112026-p,Clickme
Starvie Aquila Pro 2024,Out of stock,46,109.95,203.95,https://www.padelnuestro.com/int/starvie-aquila-pro-2024-112005-p,Clickme
Starvie Aquila Ultra Speed Soft 2024,Out of stock,36,129.95,203.95,https://www.padelnuestro.com/int/starvie-aquila-ultra-speed-soft-2024-112007-p,Clickme
STARVIE CORVUS COLUMNS,Out of stock,39,109.95,179.99,https://www.padelnuestro.com/int/starvie-corvus-columns-104426-p,Clickme
GOLD STAR VIE BASALT CARBON PADEL RACKET,Out of stock,68,99.95,309.95,https://www.padelnuestro.com/int/star-vie-basalto-carbon-oro-19094-p,Clickme
STAR VIE METHEORA WARRIOR 2022,Out of stock,80,74.95,379.9,https://www.padelnuestro.com/int/star-vie-metheora-warrior-2022-26517-p,Clickme
WILSON PRO STAFF V2 TEAM BLACK AND RED,,72,44.95,160,https://www.padelnuestro.com/int/wilson-pro-staff-v2-team-black-and-red-27960-p,Clickme
WILSON DEFY PRO V1 PADEL 2025,,24,249.95,330,https://www.padelnuestro.com/int/wilson-defy-pro-v1-padel-2025,Clickme
WILSON DEFY V1 2025,,25,209.95,279.95,https://www.padelnuestro.com/int/wilson-defy-v1-2025,Clickme
WILSON DEFY LS V1 PADEL 2 2025,,32,155.95,230,https://www.padelnuestro.com/int/wilson-defy-ls-v1-padel-2-2025,Clickme
WILSON BELA PRO PADEL V2.5,,29,239.95,339.95,https://www.padelnuestro.com/int/wilson-bela-pro-padel-v2-5-111818-p,Clickme
WILSON BLADE PRO V3 V3 PADEL,,29,204.95,289.95,https://www.padelnuestro.com/int/wilson-blade-pro-v3-v3-padel-113593-p,Clickme
WILSON PRO STAFF V2 TEAM,,72,44.95,160,https://www.padelnuestro.com/int/wilson-pro-staff-v2-team-27961-p,Clickme
WILSON BELA TEAM V2 RED,,60,86.95,219.95,https://www.padelnuestro.com/int/wilson-bela-team-v2-red-105139-p,Clickme
WILSON PRO STAFF ELITE V2,,32,149.95,220,https://www.padelnuestro.com/int/wilson-pro-staff-elite-v2-27959-p,Clickme
WILSON BELA PRO PADEL 2,Exclusive,54,159.95,349.95,https://www.padelnuestro.com/int/wilson-bela-pro-padel-2-30431-p,Clickme
WILSON ULTRA ELITE V2 PADEL,,40,114.95,190,https://www.padelnuestro.com/int/wilson-ultra-elite-v2-padel-27945-p,Clickme
WILSON JUICE 2,,64,49.95,139.95,https://www.padelnuestro.com/int/wilson-juice-2,Clickme
WILSON BELA PRO V2,,60,149.95,374.95,https://www.padelnuestro.com/int/wilson-bela-pro-v2-105138-p,Clickme
WILSON CARBON FORCE PRO PADEL CARBON BLACK AND GREEN,Exclusive,56,109.95,249,https://www.padelnuestro.com/int/wilson-carbon-force-pro-padel-carbon-black-and-green-10913-p,Clickme
WILSON BELA ELITE PADEL 2,,55,139.95,310,https://www.padelnuestro.com/int/wilson-bela-elite-padel-2-30302-p,Clickme
WILSON BLADE V3 PADEL,,24,189.95,249.95,https://www.padelnuestro.com/int/wilson-blade-v3-padel-113594-p,Clickme
WILSON BLADE LS V3  PADEL 2,,30,139.95,200,https://www.padelnuestro.com/int/wilson-blade-ls-v3-padel-2-113569-p,Clickme
WILSON BELA JUNIOR,,50,59.95,119.95,https://www.padelnuestro.com/int/wilson-bela-junior-105356-p,Clickme
WILSON CARBON FORCE PRO GOLD LTD,Out of stock,69,75.95,249,https://www.padelnuestro.com/int/wilson-carbon-force-pro-gold-ltd-30432-p,Clickme
WILSON BLADE PRO PADEL V2 2 BLACK AND GREEN,Out of stock,41,169.95,289.95,https://www.padelnuestro.com/int/wilson-blade-pro-padel-v2-2-black-and-green-27948-p,Clickme
WILSON BLADE LT PADEL 2,Out of stock,60,104.95,260,https://www.padelnuestro.com/int/wilson-blade-lt-padel-2-27953-p,Clickme
WILSON OPTIX V1 BLACK PADEL 2,Out of stock,10,89.95,99.95,https://www.padelnuestro.com/int/wilson-optix-v1-black-padel-2,Clickme
WILSON BLADE TEAM V2,Out of stock,71,39.95,140,https://www.padelnuestro.com/int/wilson-blade-team-v2-27952-p,Clickme
WILSON BELA TEAM PADEL 2,Out of stock,59,89.95,220,https://www.padelnuestro.com/int/wilson-bela-team-padel-2-30303-p,Clickme
WILSON BLADE TEAM V2 BLACK,Out of stock,64,49.95,140,https://www.padelnuestro.com/int/wilson-blade-team-v2-black-27951-p,Clickme
WILSON PRO STAFF V2 PADEL ALT 2,Out of stock,71,89.95,315,https://www.padelnuestro.com/int/wilson-pro-staff-v2-padel-alt-2-27958-p,Clickme
WILSON PRO STAFF LT V2,Out of stock,64,89.95,249.95,https://www.padelnuestro.com/int/wilson-pro-staff-lt-v2-27956-p,Clickme
WILSON BELA LT V2 WHITE,Out of stock,53,159.95,340,https://www.padelnuestro.com/int/wilson-bela-lt-v2-white-105137-p,Clickme
WILSON BLADE ELITE V2,Out of stock,60,84.95,210,https://www.padelnuestro.com/int/wilson-blade-elite-v2-27950-p,Clickme
WILSON OPTIX V1 WHITE PADEL 2,Out of stock,10,89.95,99.95,https://www.padelnuestro.com/int/wilson-optix-v1-white-padel-2,Clickme
WILSON INTRIGUE BLACK,Out of stock,59,44.95,109.95,https://www.padelnuestro.com/int/wilson-intrigue-black-113173-p,Clickme
WILSON FIERCE ELITE 2 2025,,68,44.95,140,https://www.padelnuestro.com/int/wilson-fierce-elite-2-2025,Clickme
WILSON BURN TEAM 2 2025,,68,44.95,140,https://www.padelnuestro.com/int/wilson-burn-team-2-2025,Clickme
WILSON BELA LT V2.5 PADEL,Out of stock,30,189.95,269.95,https://www.padelnuestro.com/int/wilson-bela-lt-v2-5-padel-111817-p,Clickme
WILSON BELA ELITE V2.5 PADEL,Out of stock,30,159.95,229.95,https://www.padelnuestro.com/int/wilson-bela-elite-v2-5-padel-111816-p,Clickme
WILSON BELA ELITE V2 RED,Out of stock,65,109.95,310,https://www.padelnuestro.com/int/wilson-bela-elite-v2-red-105136-p,Clickme
PADEL ADIDAS ADIPOWER LITE 3.1 2022,,73,54.95,205,https://www.padelnuestro.com/int/adidas-adipower-lite-3-1-2022-25665-p,Clickme
ADIDAS ADIPOWER GREENPADEL 2022,,48,119.95,230,https://www.padelnuestro.com/int/adidas-adipower-greenpadel-2022-25661-p,Clickme
ADIDAS X5 ULTIMATE RED,Exclusive,74,59.95,229.95,https://www.padelnuestro.com/int/adidas-x5-ultimate-red-29988-p,Clickme
ADIDAS ADIPOWER CTRL LITE 3.1 2022,,37,129.95,205,https://www.padelnuestro.com/int/adidas-adipower-ctrl-lite-3-1-2022-25666-p,Clickme
ADIDAS CROSS IT LIGHT,,47,159.95,299.95,https://www.padelnuestro.com/int/adidas-cross-it-light-110134-p,Clickme
WOMEN’S ADIDAS RADOGAR PADEL RACKET,Exclusive,68,69.95,219.95,https://www.padelnuestro.com/int/women-s-adidas-radogar-padel-racket-23575-p,Clickme
ADIDAS RADOGAR ATTK,Exclusive,70,64.95,219.95,https://www.padelnuestro.com/int/adidas-radogar-attk-22963-p,Clickme
ADIDAS X5 ULTIMATE YELLOW,Exclusive,74,59.95,229.95,https://www.padelnuestro.com/int/adidas-x5-ultimate-yellow-29989-p,Clickme
ADIDAS ADIPOWER MULTIWEIGHT 3.3,,53,189.95,399.95,https://www.padelnuestro.com/int/adidas-adipower-multiweight-3-3-110129-p,Clickme
ADIDAS ADIPOWER MULTIWEIGHT CTRL 3.3,,55,179.95,399.95,https://www.padelnuestro.com/int/adidas-adipower-multiweight-ctrl-3-3-110130-p,Clickme
ADIDAS MATCH LTD,Exclusive,33,59.95,89.95,https://www.padelnuestro.com/int/adidas-match-ltd-22962-p,Clickme
ADIDAS METALBONE CTRL 3.3 2024,,50,189.95,379.95,https://www.padelnuestro.com/int/adidas-metalbone-ctrl-3-3-2024-110144-p,Clickme
ADIDAS METALBONE TEAM 3.3 2024,,35,129.95,199.95,https://www.padelnuestro.com/int/adidas-metalbone-team-3-3-2024-110146-p,Clickme
ADIDAS X-TREME WHITE GOLD PADEL RACKET,Exclusive,73,59.95,220,https://www.padelnuestro.com/int/adidas-x-treme-white-gold-padel-racket-30000-p,Clickme
ADIDAS METALBONE GREENPADEL 2022,,50,119.95,239.95,https://www.padelnuestro.com/int/adidas-metalbone-greenpadel-2022-25656-p,Clickme
ADIDAS METALBONE 3.4 2025 - ALE GALÁN,,18,319.95,390,https://www.padelnuestro.com/int/adidas-metalbone-3-4-2025,Clickme
ADIDAS METALBONE HRD+ 3.4 2025,,15,329.95,390,https://www.padelnuestro.com/int/pala-adidas-metalbone-hrd-3-4-ar1aa1u22,Clickme
ADIDAS METALBONE 09 2025,,14,189.95,219.95,https://www.padelnuestro.com/int/adidas-metalbone-09-2025,Clickme
ADIDAS ADIPOWER CARBON CTRL 2025,,9,244.95,269.95,https://www.padelnuestro.com/int/adidas-adipower-carbon-ctrl-2025,Clickme
ADIDAS METALBONE CTRL 3.4 2025,,15,329.95,390,https://www.padelnuestro.com/int/adidas-metalbone-ctrl-3-4-2025,Clickme
ADIDAS ADIPOWER CTRL MTW PRO EDT BY ALEX RUIZ,,49,229.95,450,https://www.padelnuestro.com/int/adidas-adipower-ctrl-mtw-pro-edt-by-alex-ruiz-112032-p,Clickme
ADIDAS ADIPOWER CARBON LIGHT 2025,,20,214.95,269.95,https://www.padelnuestro.com/int/adidas-adipower-carbon-light-2025,Clickme
ADIDAS CROSS IT CTRL,,57,149.95,349.95,https://www.padelnuestro.com/int/adidas-cross-it-ctrl-110133-p,Clickme
ADIDAS METALBONE HRD+,,47,204.95,389.95,https://www.padelnuestro.com/int/adidas-metalbone-hrd-110145-p,Clickme
ADIDAS X-TREME ORANGE BLACK,Exclusive,73,59.95,219.95,https://www.padelnuestro.com/int/adidas-x-treme-orange-black-30446-p,Clickme
ADIDAS CROSS IT CARBON CTRL 2025,,38,174.95,279.95,https://www.padelnuestro.com/int/adidas-cross-lt-carbon-ctrl-2025,Clickme
ADIDAS CROSS IT CTRL 3.4 2025,,41,204.95,349.95,https://www.padelnuestro.com/int/adidas-cross-lt-ctrl-3-4-2025,Clickme
ADIDAS CROSS IT 3.4 2025,,0,349.95,,https://www.padelnuestro.com/int/adidas-cross-lt-3-4-2025,Clickme
ADIDAS XTREME BLACK LIMA,Exclusive,73,59.95,219.95,https://www.padelnuestro.com/int/adidas-xtreme-black-lima-31634-p,Clickme
ADIDAS METALBONE CARBON CTRL 3.4 2025,,0,259.95,260,https://www.padelnuestro.com/int/pala-adidas-metalbone-carbon-ctrl-3-4-ar1ca1u45,Clickme
ADIDAS METALBONE 3.3 2024 - ALE GALÁN,,50,189.95,379.95,https://www.padelnuestro.com/int/adidas-metalbone-3-3-2024-110141-p,Clickme
ADIDAS METALBONE CARBON 3.3 2024,,46,139.95,259.95,https://www.padelnuestro.com/int/adidas-metalbone-carbon-3-3-2024-110142-p,Clickme
ADIDAS RX SERIES LIME 3.4 2025,,38,74.95,119.95,https://www.padelnuestro.com/int/adidas-rx-series-lime-3-4-2025,Clickme
ADIDAS RX SERIES LIGHT 3.4 2025,,0,119.95,120,https://www.padelnuestro.com/int/adidas-rx-series-light-3-4-2025,Clickme
ADIDAS METALBONE YOUTH 3.4 2025,,0,114.95,,https://www.padelnuestro.com/int/adidas-metalbone-youth-3-4-2025,Clickme
ADIDAS METALBONE TEAM LIGHT 3.4 2025,,30,139.95,200,https://www.padelnuestro.com/int/pala-adidas-metalbone-team-light-3-4-ar2ca0u45,Clickme
ADIDAS ADIPOWER MULTIWEIGHT CTRL 3.4 2025,,25,299.95,399.95,https://www.padelnuestro.com/int/adidas-adipower-multiweight-ctrl-3-4-2025,Clickme
ADIDAS METALBONE CARBON CTRL 3.3 2024,,50,129.95,259.95,https://www.padelnuestro.com/int/adidas-metalbone-carbon-ctrl-3-3-2024-110143-p,Clickme
ADIDAS METALBONE TEAM 3.4 2025,,0,199.95,200,https://www.padelnuestro.com/int/adidas-metalbone-team-3-4-2025,Clickme
ADIDAS CROSS IT TEAM LIGHT 2025,,19,144.95,179.95,https://www.padelnuestro.com/int/adidas-cross-it-team-light-2025,Clickme
ADIDAS CROSS IT TEAM 2025,,22,139.95,179.95,https://www.padelnuestro.com/int/pala-adidas-cross-lt-team-ar2aa1u23,Clickme
ADIDAS CROSS IT LIGHT 3.4 2025,,0,299.95,,https://www.padelnuestro.com/int/adidas-cross-it-light-3-4-2025,Clickme
ADIDAS DRIVE GREY 3.4 2025,,38,49.95,79.95,https://www.padelnuestro.com/int/adidas-adidas-drive-grey-3-4-2025,Clickme
ADIDAS DRIVE BLACK 3.4 2025,,0,79.95,,https://www.padelnuestro.com/int/adidas-adidas-drive-black-3-4-2025,Clickme
ADIDAS MATCH LIGHT 3.4 2025,,0,74.95,,https://www.padelnuestro.com/int/adidas-match-light-3-4-2025,Clickme
ADIDAS MATCH BLACK 3.4 2025,,0,74.95,,https://www.padelnuestro.com/int/adidas-match-black-3-4-2025,Clickme
ADIDAS MATCH BLUE 3.4 2025,,0,74.95,,https://www.padelnuestro.com/int/adidas-match-blue-3-4-2025,Clickme
ADIDAS ADIPOWER 3.0,Out of stock,65,119.95,340,https://www.padelnuestro.com/int/adidas-adipower-3-0-21765-p,Clickme
ADIDAS RADOGAR ATTK 3D,Out of stock,70,69.95,230,https://www.padelnuestro.com/int/adidas-radogar-attk-3d-25679-p,Clickme
ADIDAS CARBON CTRL 2.0,Out of stock,64,91.95,255,https://www.padelnuestro.com/int/adidas-carbon-ctrl-2-0-19106-p,Clickme
ADIDAS METALBONE HRD 2022,Out of stock,61,149.95,380,https://www.padelnuestro.com/int/adidas-metalbone-hrd-2022-25654-p,Clickme
ADIDAS MATCH LIGHT 3.3 2024,Out of stock,20,59.95,74.95,https://www.padelnuestro.com/int/adidas-match-light-3-3-2024-110140-p,Clickme
ADIDAS MATCH 3.3 BLACK RED 2024,Out of stock,27,54.95,74.95,https://www.padelnuestro.com/int/adidas-match-3-3-black-red-2024-110139-p,Clickme
ADIDAS MATCH 3.3 BLACK LIME 2024,Out of stock,27,54.95,74.95,https://www.padelnuestro.com/int/adidas-match-3-3-black-lime-2024-110138-p,Clickme
BLACK AND WHITE ADIDAS X-TREME PADEL RACKET,Out of stock,69,68.95,220,https://www.padelnuestro.com/int/black-and-white-adidas-x-treme-padel-racket-29993-p,Clickme
ADIDAS X-TREME BLACK PINK,Out of stock,73,59.95,219.95,https://www.padelnuestro.com/int/adidas-x-treme-black-pink-29999-p,Clickme
ADIDAS X-TREME PINK PADEL RACKET,Out of stock,73,59.95,219.95,https://www.padelnuestro.com/int/adidas-x-treme-pink-padel-racket-29998-p,Clickme
ADIDAS ADIPOWER MULTIWEIGHT MASTER LTD 2023,Out of stock,47,239.95,449.95,https://www.padelnuestro.com/int/adidas-adipower-multiweight-master-ltd-2023-108775-p,Clickme
ADIDAS RX CARBON 2023,Out of stock,44,99.95,179.95,https://www.padelnuestro.com/int/catalog/product/view/id/5374/s/adidas-rx-carbon-2023-32313-p/category/26/,Clickme
ADIDAS METALBONE CTRL 3.2 2023,Out of stock,61,149.95,379.95,https://www.padelnuestro.com/int/adidas-metalbone-ctrl-3-2-2023-32300-p,Clickme
ADIDAS RX 2000 LIGHT 2023,Out of stock,50,64.95,129.95,https://www.padelnuestro.com/int/catalog/product/view/id/5376/s/adidas-rx-2000-light-2023-32315-p/category/26/,Clickme
ADIDAS ADIPOWER JUNIOR 3.4 2024,Out of stock,0,74.95,75,https://www.padelnuestro.com/int/adidas-adipower-junior-3-4-2024,Clickme
ADIDAS METALBONE YOUTH 3.3 2024,Out of stock,39,69.95,114.95,https://www.padelnuestro.com/int/adidas-metalbone-youth-3-3-2024-110148-p,Clickme
ADIDAS GREENPADEL RK1CC7U15 GREEN,Out of stock,52,99.95,210,https://www.padelnuestro.com/int/adidas-greenpadel-rk1cc7u15-green,Clickme
ADIDAS ADIPOWER LIGHT 3.3,Out of stock,41,129.95,219.95,https://www.padelnuestro.com/int/adidas-adipower-light-3-3-110128-p,Clickme
