name,badge,discount,old_price,price,product_url,brand
BABOLAT VIPER JUAN LEBRON 2025,,27,379.95,277.95,https://www.padelnuestro.com/int/babolat-technical-viper-juan-lebron-2025,Babolat
BABOLAT TECHNICAL VERON JUAN LEBRÓN 2025,,20,259.95,207.95,https://www.padelnuestro.com/int/babolat-technical-veron-juan-lebron-2025,Babolat
BABOLAT TECHNICAL VERTUO JUAN LEBRÓN 2025,,20,199.95,159.95,https://www.padelnuestro.com/int/babolat-technical-vertuo-juan-lebron-2025,Babolat
BABOLAT TECHNICAL VIPER 2025,,31,320.00,221.95,https://www.padelnuestro.com/int/babolat-technical-viper-2025,Babolat
BABOLAT TECHNICAL VERON 2025,,29,239.95,169.95,https://www.padelnuestro.com/int/babolat-technical-veron-2025,Babolat
BABOLAT TECHNICAL VERTUO 2025,,22,179.95,139.95,https://www.padelnuestro.com/int/babolat-technical-vertuo-2025,Babolat
BABOLAT AIR VIPER 2025,,29,320.00,225.95,https://www.padelnuestro.com/int/babolat-air-viper-2025,Babolat
BABOLAT AIR VERON 2025,,25,240.00,179.95,https://www.padelnuestro.com/int/babolat-air-veron-2025,Babolat
BABOLAT AIR VERTUO 2025,,22,179.95,139.95,https://www.padelnuestro.com/int/babolat-air-vertuo-2025,Babolat
BABOLAT COUNTER VIPER 2025,,27,320.00,234.95,https://www.padelnuestro.com/int/babolat-counter-viper-2025,Babolat
BABOLAT COUNTER VERON 2025,,27,239.95,174.95,https://www.padelnuestro.com/int/babolat-counter-veron-2025,Babolat
BABOLAT COUNTER VERTUO 2025,,19,179.95,144.95,https://www.padelnuestro.com/int/babolat-counter-vertuo-2025,Babolat
BABOLAT STIMA ENERGY 2023,,35,240.00,154.95,https://www.padelnuestro.com/int/babolat-stima-energy-2023-103650-p,Babolat
BABOLAT TECHNICAL VIPER JUAN LEBRON 2024,,45,379.95,209.95,https://www.padelnuestro.com/int/babolat-technical-viper-juan-lebron-2024-110461-p,Babolat
BABOLAT TECHNICAL VIPER 2024,,55,319.95,144.95,https://www.padelnuestro.com/int/babolat-technical-viper-2024-110465-p,Babolat
BABOLAT TECHNICAL VERON 2024,,50,239.95,119.95,https://www.padelnuestro.com/int/babolat-technical-veron-2024-110463-p,Babolat
BABOLAT COUNTER VERON 2024,,50,239.95,119.95,https://www.padelnuestro.com/int/babolat-counter-veron-2024-110453-p,Babolat
BABOLAT TECHNICAL VERTUO 2023,,50,179.95,89.95,https://www.padelnuestro.com/int/babolat-technical-vertuo-2023-103652-p,Babolat
BABOLAT COUNTER VERTUO 2023,,50,179.95,89.95,https://www.padelnuestro.com/int/babolat-counter-vertuo-2023-103646-p,Babolat
BABOLAT COUNTER VERTUO 2022,,33,150.00,99.95,https://www.padelnuestro.com/int/babolat-counter-vertuo-2022-25926-p,Babolat
BABOLAT REVEAL 2022,,44,80.00,44.95,https://www.padelnuestro.com/int/babolat-reveal-2022-29150-p,Babolat
BABOLAT X LAMBORGHINI BL002 SCANDAL GREEN,,,,600.00,https://www.padelnuestro.com/int/babolat-x-lamborghini-bl002-scandal-green,Babolat
BABOLAT X LAMBORGHINI BL002 BLACK,,,,600.00,https://www.padelnuestro.com/int/babolat-x-lamborghini-bl-002-black,Babolat
BABOLAT DYNA ENERGY 2023,Out of stock,,240.00,159.95,https://www.padelnuestro.com/int/babolat-dyna-energy-2023-103648-p,Babolat
BABOLAT TECH VERON JUAN LEBRÓN 2024,Out of stock,,259.95,129.95,https://www.padelnuestro.com/int/babolat-tech-veron-juan-lebron-2024-110459-p,Babolat
BABOLAT AIR VIPER 2024,Out of stock,,319.95,179.95,https://www.padelnuestro.com/int/babolat-air-viper-2024-110451-p,Babolat
Babolat Air Vertuo 2022,Out of stock,,150.00,89.95,https://www.padelnuestro.com/int/babolat-air-vertuo-2022-25925-p,Babolat
TEST PADEL RACKET BABOLAT AIR VERON 2025,Out of stock,,240.00,215.95,https://www.padelnuestro.com/int/test-padel-racket-babolat-air-veron-2025,Babolat
BABOLAT AIR VERTUO 2023,Out of stock,,179.95,89.95,https://www.padelnuestro.com/int/babolat-air-vertuo-2023-103664-p,Babolat
BULLPADEL XPLO PREMIER 2025,,20,314.95,251.95,https://www.padelnuestro.com/int/bullpadel-xplo-premier-2025,Bullpadel
BULLPADEL XPLO 25,,29,339.95,239.95,https://www.padelnuestro.com/int/bullpadel-xplo-2025-113777-p,Bullpadel
BULLPADEL XPLO COMFORT 25,,32,249.95,169.95,https://www.padelnuestro.com/int/bullpadel-xplo-comfort-25-113778-p,Bullpadel
BULLPADEL HACK 04 2025 - PAQUITO NAVARRO,,30,329.95,229.95,https://www.padelnuestro.com/int/bullpadel-hack-04-25-113754-p,Bullpadel
BULLPADEL HACK 04 PREMIER 2025,,20,314.99,251.95,https://www.padelnuestro.com/int/bullpadel-hack-04-premier-2025,Bullpadel
BULLPADEL HACK 04 HYBRID 25,,39,329.95,199.95,https://www.padelnuestro.com/int/bullpadel-hack-04-hybrid-25-113755-p,Bullpadel
Bullpadel Vertex 03 CMF Xseries 494314 (SMU),,36,219.95,139.95,https://www.padelnuestro.com/int/pala-bullpadel-vertex-03-cmf-xseries-494314-smu,Bullpadel
Bullpadel Ionic Power 2022,,63,199.99,74.95,https://www.padelnuestro.com/int/bullpadel-ionic-power-2022-26114-p,Bullpadel
BULLPADEL VERTEX 04 25,,29,339.95,239.95,https://www.padelnuestro.com/int/bullpadel-vertex-04-25-113772-p,Bullpadel
BULLPADEL VERTEX 04 HYBRID 25,,32,339.95,229.95,https://www.padelnuestro.com/int/bullpadel-vertex-04-hybrid-25-113773-p,Bullpadel
BULLPADEL VERTEX 04,,43,299.95,169.95,https://www.padelnuestro.com/int/bullpadel-vertex-04-110865-p,Bullpadel
BULLPADEL NEURON 25,,30,319.95,224.95,https://www.padelnuestro.com/int/bullpadel-neuron-25-113768-p,Bullpadel
BULLPADEL NEURON CLOUD 2025,,19,277.95,224.95,https://www.padelnuestro.com/int/bullpadel-neuron-cloud-2025,Bullpadel
BULLPADEL NEURON PREMIER 2025,,20,314.95,251.95,https://www.padelnuestro.com/int/bullpadel-neuron-premier-2025,Bullpadel
BULLPADEL NEURON,,48,269.95,139.95,https://www.padelnuestro.com/int/bullpadel-neuron-110864-p,Bullpadel
BULLPADEL VERTEX 04 25 WOMEN'S,,37,269.95,169.95,https://www.padelnuestro.com/int/bullpadel-vertex-04-25-women-s-113774-p,Bullpadel
BULLPADEL PEARL BEA GONZALEZ 2024,,38,272.95,169.95,https://www.padelnuestro.com/int/bullpadel-pearl-bea-gonzalez-2024-112922-p,Bullpadel
BULLPADEL PEARL CLOUD 2025,,19,277.95,224.95,https://www.padelnuestro.com/int/bullpadel-pearl-cloud-2025,Bullpadel
BULLPADEL ICON 2025,,30,299.95,209.95,https://www.padelnuestro.com/int/bullpadel-icon-2025,Bullpadel
BULLPADEL ICON CLOUD 2025,,19,277.95,224.95,https://www.padelnuestro.com/int/bullpadel-icon-cloud-2025,Bullpadel
BULLPADEL HACK JUNIOR 2023,,44,89.95,49.95,https://www.padelnuestro.com/int/bullpadel-hack-junior-2023-32440-p,Bullpadel
BULLPADEL VERTEX W JR 2025,,24,89.95,67.95,https://www.padelnuestro.com/int/bullpadel-vertex-w-jr-2025,Bullpadel
BULLPADEL HACK 03 24 - PAQUITO NAVARRO,,48,289.95,149.95,https://www.padelnuestro.com/int/bullpadel-hack-03-24-110861-p,Bullpadel
BULLPADEL HACK 03 COMFORT 24,,45,219.95,119.95,https://www.padelnuestro.com/int/bullpadel-hack-03-comfort-24-110862-p,Bullpadel
BULLPADEL VERTEX 04 HYBRID,,43,299.95,169.95,https://www.padelnuestro.com/int/bullpadel-vertex-04-hybrid-110867-p,Bullpadel
BULLPADEL IONIC CONTROL 2025,,32,197.96,134.95,https://www.padelnuestro.com/int/bullpadel-ionic-control-2025,Bullpadel
BULLPADEL RAIDER POWER BLUE,,50,99.95,49.95,https://www.padelnuestro.com/int/bullpadel-raider-power-blue-26104-p,Bullpadel
BULLPADEL INDIGA PWR 2024,,38,79.95,49.95,https://www.padelnuestro.com/int/bullpadel-indiga-pwr-2024-32437-p,Bullpadel
BULLPADEL AXYM DB 2022,,61,179.95,69.95,https://www.padelnuestro.com/int/bullpadel-axym-db-2022-26116-p,Bullpadel
BULLPADEL VERTEX 04 COMFORT,,43,219.95,124.95,https://www.padelnuestro.com/int/bullpadel-vertex-04-comfort-110866-p,Bullpadel
BULLPADEL VERTEX 04 JR 2025,,24,89.95,67.95,https://www.padelnuestro.com/int/bullpadel-vertex-04-jr-2025,Bullpadel
BULLPADEL BP10 EVO 2025,,25,119.95,89.95,https://www.padelnuestro.com/int/bullpadel-bp10-evo-2025,Bullpadel
BULLPADEL K2 POWER 2025,,25,99.95,74.95,https://www.padelnuestro.com/int/bullpadel-k2-power-2025,Bullpadel
BULLPADEL IONIC POWER 2025,,32,197.96,134.95,https://www.padelnuestro.com/int/bullpadel-ionic-power-2025,Bullpadel
BULLPADEL INDIGA W 2025 WOMEN'S,,19,79.94,64.95,https://www.padelnuestro.com/int/bullpadel-indiga-w-2025-women-s,Bullpadel
BULLPADEL HACK JUNIOR 2025,,28,89.95,64.95,https://www.padelnuestro.com/int/bullpadel-hack-junior-2025,Bullpadel
BULLPADEL FLOW LIGHT 2025,,28,124.94,89.95,https://www.padelnuestro.com/int/bullpadel-flow-light-2025,Bullpadel
BULLPADEL VERTEX BOY JUNIOR 2023,,44,89.99,49.95,https://www.padelnuestro.com/int/bullpadel-vertex-boy-junior-2023-32441-p,Bullpadel
BULLPADEL ELITE LIGHT W WOMEN 2023,,59,184.95,74.95,https://www.padelnuestro.com/int/bullpadel-elite-light-w-women-2023-32433-p,Bullpadel
BULLPADEL IONIC CONTROL 2023,,55,219.95,99.95,https://www.padelnuestro.com/int/bullpadel-ionic-control-2023-32431-p,Bullpadel
BULLPADEL ELITE W 25 WOMEN'S,,30,299.95,209.95,https://www.padelnuestro.com/int/bullpadel-elite-w-25-women-s-113751-p,Bullpadel
BULLPADEL FLOW 25 WOMAN,,30,269.95,189.95,https://www.padelnuestro.com/int/bullpadel-flow-25-woman-113753-p,Bullpadel
BULLPADEL FLOW LIGHT WOMAN 2023,Out of stock,,124.95,45.95,https://www.padelnuestro.com/int/bullpadel-flow-light-woman-2023-32436-p,Bullpadel
Bullpadel Hack 03 Comfort 23,Out of stock,,244.95,99.95,https://www.padelnuestro.com/int/bullpadel-hack-03-comfort-23-32423-p,Bullpadel
BULLPADEL HACK 03 CONTROL 2022,Out of stock,,324.95,114.95,https://www.padelnuestro.com/int/bullpadel-hack-03-control-2022-26107-p,Bullpadel
BULLPADEL NEURON TF 2024,Out of stock,,399.95,199.95,https://www.padelnuestro.com/int/bullpadel-neuron-tf-2024,Bullpadel
BULLPADEL VERTEX 04 W PREMIER 2025,Out of stock,,249.95,199.95,https://www.padelnuestro.com/int/bullpadel-vertex-04-w-premier-2025,Bullpadel
BULLPADEL HACK 03 MASTER FINAL 2022,Out of stock,,449.95,164.95,https://www.padelnuestro.com/int/bullpadel-hack-03-master-final-2022-32445-p,Bullpadel
BULLPADEL IONIC LIGHT 2025,Out of stock,,164.95,114.95,https://www.padelnuestro.com/int/bullpadel-ionic-light-2025,Bullpadel
BULLPADEL IONIC LIGHT TF 2024,Out of stock,,239.95,159.95,https://www.padelnuestro.com/int/bullpadel-ionic-light-tf-2024,Bullpadel
BULLPADEL XPLO TF 2024,Out of stock,,399.95,214.95,https://www.padelnuestro.com/int/bullpadel-xplo-tf-2024,Bullpadel
BULLPADEL FLOW WOMAN,Out of stock,,235.00,99.95,https://www.padelnuestro.com/int/bullpadel-flow-woman,Bullpadel
BULLPADEL VERTEX 04 TF 2024,Out of stock,,399.99,214.95,https://www.padelnuestro.com/int/bullpadel-vertex-04-tf-2024,Bullpadel
Bullpadel Pearl Tf 2024,Out of stock,,300.00,149.95,https://www.padelnuestro.com/int/bullpadel-pearl-tf-2024,Bullpadel
BULLPADEL HACK 03 JR 2024,Out of stock,,89.95,54.95,https://www.padelnuestro.com/int/bullpadel-hack-03-jr-2024-110910-p,Bullpadel
BULLPADEL HACK 04 TF 2024,Out of stock,,399.95,214.95,https://www.padelnuestro.com/int/bullpadel-hack-04-tf-2024,Bullpadel
BULLPADEL VERTEX 03 COMFORT 2023,Out of stock,,244.95,109.95,https://www.padelnuestro.com/int/bullpadel-vertex-03-comfort-2023-32426-p,Bullpadel
BULLPADEL ELITE TF 24,Out of stock,,300.00,161.95,https://www.padelnuestro.com/int/bullpadel-elite-tf-24,Bullpadel
BULLPADEL VERTEX 03 COMFORT 2022,Out of stock,,224.95,109.95,https://www.padelnuestro.com/int/bullpadel-vertex-03-comfort-2022-26113-p,Bullpadel
BULLPADEL LEGEND 4.0 WOMAN,Out of stock,,199.95,69.95,https://www.padelnuestro.com/int/bullpadel-legend-4-0-woman-26842-p,Bullpadel
BULLPADEL VERTEX 03 WOMAN 2022,Out of stock,,224.95,99.95,https://www.padelnuestro.com/int/bullpadel-vertex-03-woman-2022-26111-p,Bullpadel
BULLPADEL VERTEX 03 2023,Out of stock,,349.95,149.95,https://www.padelnuestro.com/int/bullpadel-vertex-03-2023-32424-p,Bullpadel
PACK BULLPADEL VERTEX04 MANTÍN DI NENNO 2024,Out of stock,,,199.95,https://www.padelnuestro.com/int/pack-bullpadel-vertex04-mantin-di-nenno-2024,Bullpadel
BULLPADEL INDIGA CONTROL 2025,Out of stock,,79.94,64.95,https://www.padelnuestro.com/int/bullpadel-indiga-control-2025,Bullpadel
Bullpadel Vertex 04 Master Final 2023,Out of stock,,349.94,189.95,https://www.padelnuestro.com/int/bullpadel-vertex-04-master-final-2023-111380-p,Bullpadel
Bullpadel Hack 03 Master Final 23,Out of stock,,349.94,178.95,https://www.padelnuestro.com/int/bullpadel-hack-03-master-final-23-111378-p,Bullpadel
BULLPADEL GOLD XSERIES 3.0,Out of stock,,239.96,59.95,https://www.padelnuestro.com/int/bullpadel-gold-xseries-3-0-24563-p,Bullpadel
BULLPADEL INDIGA POWER 2025,Out of stock,,79.94,64.95,https://www.padelnuestro.com/int/bullpadel-indiga-power-2025,Bullpadel
BULLPADEL INDIGA GIRL 2025,Out of stock,,59.96,49.95,https://www.padelnuestro.com/int/bullpadel-indiga-girl-2025,Bullpadel
BULLPADEL VERTEX 04 W TF 2024 WOMAN,Out of stock,,300.00,199.95,https://www.padelnuestro.com/int/bullpadel-vertex-04-w-tf-2024-mujer,Bullpadel
BULLPADEL HACK 03 HYBRID 24,Out of stock,,289.95,159.95,https://www.padelnuestro.com/int/bullpadel-hack-03-hybrid-24-110863-p,Bullpadel
BULLPADEL INDIGA BOY 2025,Out of stock,,59.96,49.95,https://www.padelnuestro.com/int/bullpadel-indiga-boy-2025,Bullpadel
BULLPADEL INDIGA POWER 2022 PADEL RACKET,Out of stock,,79.95,49.95,https://www.padelnuestro.com/int/bullpadel-indiga-power-2022-padel-racket-26122-p,Bullpadel
BULLPADEL ELITE W 24,Out of stock,,277.95,159.95,https://www.padelnuestro.com/int/bullpadel-elite-w-24-110859-p,Bullpadel
BULLPADEL FLOW TF 24,Out of stock,,300.00,181.95,https://www.padelnuestro.com/int/bullpadel-flow-tf-24,Bullpadel
BULLPADEL HACK 02 PRF 2024,Out of stock,,139.95,79.95,https://www.padelnuestro.com/int/bullpadel-hack-02-prf-2024-110909-p,Bullpadel
BULLPADEL K2 POWER 2023,Out of stock,,99.95,49.95,https://www.padelnuestro.com/int/bullpadel-k2-power-2023-32434-p,Bullpadel
BULLPADEL RAIDER CONTROL,Out of stock,,99.95,58.95,https://www.padelnuestro.com/int/bullpadel-raider-control-21725-p,Bullpadel
BULLPADEL ELITE W WOMAN 2023,Out of stock,,279.95,109.95,https://www.padelnuestro.com/int/bullpadel-elite-w-woman-2023-32429-p,Bullpadel
BULLPADEL VERTEX 03 W WOMEN'S 2023,Out of stock,,259.95,74.95,https://www.padelnuestro.com/int/bullpadel-vertex-03-w-women-s-2023-32427-p,Bullpadel
HEAD COELLO PRO 2025,,14,350.00,299.95,https://www.padelnuestro.com/int/head-coello-pro-2025,Head
HEAD COELLO MOTION 2025,,14,350.00,299.95,https://www.padelnuestro.com/int/head-coello-motion-2025,Head
HEAD COELLO TEAM 2025,,30,219.95,154.95,https://www.padelnuestro.com/int/head-coello-team-2025,Head
HEAD SPEED ONE X 2025,,15,300.00,254.95,https://www.padelnuestro.com/int/head-speed-one-x-2025,Head
HEAD SPEED ONE 2025,,14,280.00,239.95,https://www.padelnuestro.com/int/head-speed-one-2025,Head
HEAD EXTREME ONE 2023,,41,279.95,164.95,https://www.padelnuestro.com/int/head-extreme-one-2023-110103-p,Head
HEAD ONE ULTRALIGHT WHITE 2025,,44,239.95,134.95,https://www.padelnuestro.com/int/head-one-ultralight-white-2025,Head
HEAD ONE ULTRALIGHT BLACK 2025,,44,239.95,134.95,https://www.padelnuestro.com/int/pala-head-one-ultralight-black-225024,Head
HEAD SPEED PRO X 2025,,15,300.00,254.95,https://www.padelnuestro.com/int/head-speed-pro-x-2025,Head
HEAD SPEED PRO 2025,,14,280.00,239.95,https://www.padelnuestro.com/int/head-speed-pro-2025,Head
HEAD SPEED MOTION 2025 - ARI SANCHEZ,,25,240.00,179.95,https://www.padelnuestro.com/int/head-speed-motion-2025,Head
HEAD SPEED TEAM 2025,,15,200.00,169.95,https://www.padelnuestro.com/int/head-speed-team-2025,Head
HEAD GRAVITY TEAM 2024,,33,179.95,119.95,https://www.padelnuestro.com/int/head-gravity-team-2024-113826-p,Head
HEAD GRAVITY TEAM LIGHT 2024,,27,149.96,109.95,https://www.padelnuestro.com/int/head-gravity-team-light-2024-113829-p,Head
HEAD EXTREME PRO,,38,279.95,174.95,https://www.padelnuestro.com/int/head-extreme-pro-110105-p,Head
HEAD EXTREME MOTION 2023 PADEL RACKET,,35,239.95,154.95,https://www.padelnuestro.com/int/head-extreme-motion-2023-padel-racket-110102-p,Head
HEAD EXTREME ELITE 2023,,40,199.95,119.95,https://www.padelnuestro.com/int/head-extreme-elite-2023-110100-p,Head
HEAD EVO SPEED 2025,,22,90.00,69.95,https://www.padelnuestro.com/int/head-evo-speed-2025,Head
Head Radical Pro 2024,,39,279.95,169.95,https://www.padelnuestro.com/int/head-radical-pro-2024-111513-p,Head
Head Radical Motion 2024,,40,239.95,144.95,https://www.padelnuestro.com/int/head-radical-motion-2024-111512-p,Head
Head Radical Elite 2024,,45,199.95,109.95,https://www.padelnuestro.com/int/head-radical-elite-2024-111511-p,Head
HEAD COELLO VIBE 2025,,25,140.00,104.95,https://www.padelnuestro.com/int/head-coello-vibe-2025,Head
HEAD VIBE BLACK/PURPLE 2025,,30,99.99,69.95,https://www.padelnuestro.com/int/head-vibe-black-purple-2025,Head
HEAD COELLO JUNIOR 2025,,27,109.95,79.95,https://www.padelnuestro.com/int/head-coello-junior-2025,Head
HEAD SPEED JUNIOR 2025,,25,99.95,74.95,https://www.padelnuestro.com/int/head-speed-junior-2025,Head
HEAD EXTREME JUNIOR 2023 PADEL RACKET,,35,99.95,64.95,https://www.padelnuestro.com/int/head-extreme-junior-2023-padel-racket-110101-p,Head
HEAD MONSTER KIDS PADEL RACKET,,40,74.95,44.95,https://www.padelnuestro.com/int/head-monster-kids-padel-racket-26444-p,Head
HEAD MONSTER KIDS,,27,75.00,54.95,https://www.padelnuestro.com/int/head-monster-kids-112549-p,Head
HEAD DELTA JUNIOR 2022 PADEL RACKET,,65,99.95,34.95,https://www.padelnuestro.com/int/head-delta-junior-2022-padel-racket-26443-p,Head
HEAD GRAPHENE TOUCH ALPHA PRO,Exclusive,54,269.95,124.95,https://www.padelnuestro.com/int/head-graphene-touch-alpha-pro-29557-p,Head
HEAD BOLT TALL/BLACK 2025,,30,99.99,69.95,https://www.padelnuestro.com/int/head-bolt-tall-black-2025,Head
HEAD BOLT 2025 BLUE,,30,99.95,69.95,https://www.padelnuestro.com/int/head-bolt-2025-blue,Head
HEAD BOLT 2025 BLACK,,30,99.95,69.95,https://www.padelnuestro.com/int/head-bolt-2025,Head
HEAD VIBE BLUE/RED 2025,,30,99.95,69.95,https://www.padelnuestro.com/int/pala-head-vibe-2025-bl-rd-226135,Head
Head GRAPHENE 360 DELTA Gold,Exclusive,68,250.00,79.95,https://www.padelnuestro.com/int/head-graphene-360-delta-gold-25217-p,Head
HEAD EVO EXTREME 2023,,33,89.95,59.95,https://www.padelnuestro.com/int/head-evo-extreme-2023-110099-p,Head
HEAD SPEED JUNIOR 2023,,40,99.95,59.95,https://www.padelnuestro.com/int/head-speed-junior-2023-32522-p,Head
HEAD COELLO PRO SPECIAL PACKAGING 2025,,,349.95,314.95,https://www.padelnuestro.com/int/head-coello-pro-special-packaging-2025,Head
HEAD SPEED ELITE 2023,Out of stock,,219.95,94.95,https://www.padelnuestro.com/int/head-speed-elite-2023-32511-p,Head
HEAD GRAVITY PRO 2024,Out of stock,,239.95,174.95,https://www.padelnuestro.com/int/head-gravity-pro-2024-113828-p,Head
HEAD GRAVITY MOTION 2024,Out of stock,,199.95,139.95,https://www.padelnuestro.com/int/head-gravity-motion-2024-113827-p,Head
HEAD GRAPHENE XT SPARK CONTROL 2 WITH CB,Out of stock,,200.00,69.95,https://www.padelnuestro.com/int/head-graphene-xt-spark-control-2-with-cb-29571-p,Head
HEAD ULTIMATE POWER YELLOW WITH CB,Out of stock,,160.00,69.95,https://www.padelnuestro.com/int/head-ultimate-power-yellow-with-cb-29566-p,Head
HEAD GRAPHENE 360+ ALPHA TOUR,Out of stock,,239.95,99.95,https://www.padelnuestro.com/int/head-graphene-360-alpha-tour-104744-p,Head
RED HEAD CALIBRE PADEL RACKET,Out of stock,,159.95,44.95,https://www.padelnuestro.com/int/red-head-calibre-padel-racket,Head
HEAD GRAPHENE 360 ALPHA TOUR,Out of stock,,239.95,84.95,https://www.padelnuestro.com/int/head-graphene-360-alpha-tour-22959-p,Head
HEAD GRAPHENE 360 ALPHA CONTROL,Out of stock,,239.95,119.95,https://www.padelnuestro.com/int/head-graphene-360-alpha-control-29570-p,Head
HEAD EXTREME PRO ARTURO COELLO 2024,Out of stock,,319.95,239.95,https://www.padelnuestro.com/int/head-extreme-pro-arturo-coello-2024-112801-p,Head
HEAD SPEED MOTION ARI SÁNCHEZ 2024,Out of stock,,259.95,155.95,https://www.padelnuestro.com/int/head-speed-motion-ari-sanchez-2024-112802-p,Head
HEAD EXTREME MOTION PAULA JOSEMARIA 2024,Out of stock,,259.95,155.95,https://www.padelnuestro.com/int/head-extreme-motion-paula-josemaria-2024-112800-p,Head
HEAD GRAPHENE 360 ALPHA ULTIMATE PADEL RACKET,Out of stock,,239.95,99.95,https://www.padelnuestro.com/int/head-graphene-360-alpha-ultimate-padel-racket-29558-p,Head
HEAD GRAPHENE TOUCH EXPLOSION,Out of stock,,199.95,99.95,https://www.padelnuestro.com/int/head-graphene-touch-explosion-30330-p,Head
HEAD ULTIMATE POWER II WITH CB ORANGE,Out of stock,,179.95,74.95,https://www.padelnuestro.com/int/head-ultimate-power-ii-with-cb-orange-29569-p,Head
LOK MAXX FLOW 2024,,35,300.00,194.95,https://www.padelnuestro.com/int/lok-maxx-flow-2024-112982-p,Lok
LOK CARB-ON FLOW 2024,,42,249.95,144.95,https://www.padelnuestro.com/int/lok-carb-on-flow-2024-112978-p,Lok
LOK CARB-ON HYPE 2024,,42,250.00,144.95,https://www.padelnuestro.com/int/lok-carb-on-hype-2024-112979-p,Lok
LOK EASY HYPE 2024,,42,180.00,104.95,https://www.padelnuestro.com/int/lok-easy-hype-2024-112981-p,Lok
LOK EASY FLOW 2024,,42,180.00,104.95,https://www.padelnuestro.com/int/lok-easy-flow-2024-112980-p,Lok
LOK BE FLOW 2024,,41,110.00,64.95,https://www.padelnuestro.com/int/lok-be-flow-2024-112976-p,Lok
LOK BE HYPE 2024,,41,110.00,64.95,https://www.padelnuestro.com/int/lok-be-hype-2024-112977-p,Lok
LOK MAXX HYPE 2024,Out of stock,,299.95,229.95,https://www.padelnuestro.com/int/lok-maxx-hype-2024-112983-p,Lok
SIUX ELECTRA ST3 GO,,47,189.00,99.95,https://www.padelnuestro.com/int/109474-p,Siux
SIUX FENIX GO 4,,43,174.99,99.95,https://www.padelnuestro.com/int/siux-fenix-go-4-109478-p,Siux
SIUX DIABLO GO 3,,47,189.00,99.95,https://www.padelnuestro.com/int/siux-diablo-go-3-109470-p,Siux
SIUX PEGASUS REVOLUTION 3K 2023,,45,320.00,174.95,https://www.padelnuestro.com/int/siux-pegasus-revolution-3k-2023-28747-p,Siux
SIUX BLACK CARBON REVOLUTION 3K,,30,299.00,209.95,https://www.padelnuestro.com/int/siux-black-carbon-revolution-3k-24395-p,Siux
SIUX TRILOGY II CONTROL 24K PATTY LLAGUNO 2023,,66,350.00,119.95,https://www.padelnuestro.com/int/siux-trilogy-ii-control-24k-patty-llaguno-2023-28753-p,Siux
SIUX FENIX PRO 5 2025,,22,324.95,251.95,https://www.padelnuestro.com/int/siux-fenix-pro-5-2025,Siux
SIUX DIABLO PRO 4 2025,,29,324.95,229.95,https://www.padelnuestro.com/int/siux-diablo-pro-4-2025,Siux
SIUX ELECTRA STUPA PRO ST4 2025,,29,324.95,229.95,https://www.padelnuestro.com/int/siux-electra-stupa-pro-st4-2025,Siux
SIUX VALKIRIA PRO 2025,,29,324.95,229.95,https://www.padelnuestro.com/int/siux-valkiria-pro-2025,Siux
SIUX TRILOGY PRO 5 2025,,29,324.95,229.95,https://www.padelnuestro.com/int/siux-trilogy-pro-5-2025,Siux
SIUX PEGASUS REVOLUTION 2,Exclusive,54,349.94,159.95,https://www.padelnuestro.com/int/siux-pegasus-revolution-2-109481-p,Siux
SIUX ELECTRA 4 FLOW,Exclusive,10,279.00,251.95,https://www.padelnuestro.com/int/siux-electra-4-flow,Siux
SIUX TRILOGY ELITE 5,,30,228.94,159.95,https://www.padelnuestro.com/int/siux-trilogy-elite-5,Siux
SIUX DIABLO ELITE 4 2025,,15,228.94,194.95,https://www.padelnuestro.com/int/siux-diablo-elite-4-2025,Siux
SIUX BLACK CARBON REVOLUTION 2 ORANGE,,39,229.95,139.95,https://www.padelnuestro.com/int/siux-black-carbon-revolution-2-24394-p,Siux
SIUX EVOQUE 3,,60,199.95,79.95,https://www.padelnuestro.com/int/28779-p,Siux
SIUX VIKING IV,,58,129.95,54.95,https://www.padelnuestro.com/int/siux-viking-iv-28784-p,Siux
SIUX GEA,,26,209.95,154.95,https://www.padelnuestro.com/int/siux-gea,Siux
SIUX BLACK CARBON REVOLUTION 2 RED,,57,325.95,139.95,https://www.padelnuestro.com/int/siux-black-carbon-revolution-2-racket-106184-p,Siux
SIUX ELECTRA ST1,,57,299.00,129.95,https://www.padelnuestro.com/int/siux-electra-st1-25186-p,Siux
SIUX DIABLO GO 4,,32,138.94,94.95,https://www.padelnuestro.com/int/siux-diablo-go-4,Siux
SIUX TRILOGY GO 4 WOMEN'S,,46,149.00,79.95,https://www.padelnuestro.com/int/siux-trilogy-go-4-women-s,Siux
SIUX TRILOGY GO 5,,32,138.94,94.95,https://www.padelnuestro.com/int/siux-trilogy-go-5,Siux
SIUX ELECTRA GO 4,,32,138.94,94.95,https://www.padelnuestro.com/int/siux-electra-go-4,Siux
SIUX INVICTA 2023,,64,219.95,79.95,https://www.padelnuestro.com/int/siux-invicta-2023-28777-p,Siux
SIUX TRILOGY GO 4,,43,175.00,99.95,https://www.padelnuestro.com/int/siux-trilogy-go-4-109484-p,Siux
SIUX FENIX ELITE 5,,21,228.94,179.95,https://www.padelnuestro.com/int/siux-fenix-elite-5,Siux
SIUX SX6,,57,139.95,59.95,https://www.padelnuestro.com/int/siux-sx6-24750-p,Siux
SIUX DIABLO REVOLUTION II SANYO PRO RACKET,,60,350.00,139.95,https://www.padelnuestro.com/int/siux-diablo-revolution-ii-sanyo-pro-racket-31929-p,Siux
SIUX ELECTRA ST3 LITE,,43,229.00,129.95,https://www.padelnuestro.com/int/109476-p,Siux
SIUX BEAT HYBRID 2 2025,,29,84.95,59.95,https://www.padelnuestro.com/int/siux-beat-hybrid-2-2025,Siux
SIUX BEAT CONTROL 2 2025,,29,84.95,59.95,https://www.padelnuestro.com/int/siux-beat-control-2-2025,Siux
SIUX SPYDER LITE 3 HARD,,30,229.00,159.95,https://www.padelnuestro.com/int/siux-spyder-lite-3-hard-109482-p,Siux
SIUX SPYDER LITE CTRL 3 HARD,,30,229.00,159.95,https://www.padelnuestro.com/int/siux-spyder-lite-ctrl-3-hard-109483-p,Siux
SIUX TRILOGY 3 CONTROL RACKET,,64,319.95,114.95,https://www.padelnuestro.com/int/siux-trilogy-3-control-racket-28756-p,Siux
SIUX TRILOGY 4 CONTROL LITE AIR W,,54,229.00,104.95,https://www.padelnuestro.com/int/siux-trilogy-4-control-lite-air-w-109591-p,Siux
SIUX PEGASUS REVOLUTION CUBE,,60,399.95,159.95,https://www.padelnuestro.com/int/siux-pegasus-revolution-cube-24659-p,Siux
SIUX ELECTRA ST2 JUNIOR,,39,89.95,54.95,https://www.padelnuestro.com/int/siux-electra-st2-junior-28787-p,Siux
SIUX PEGASUS GRAPHENE 1K PADEL RACKET,,44,286.00,159.95,https://www.padelnuestro.com/int/siux-pegasus-graphene-1k-padel-racket-20110-p,Siux
SIUX LIBERTY HYBRID,,70,299.00,89.95,https://www.padelnuestro.com/int/siux-liberty-hybrid-108573-p,Siux
SIUX LIBERTY CONTROL,,70,299.00,89.95,https://www.padelnuestro.com/int/siux-liberty-control-108572-p,Siux
DUO PACK SIUX DIABLO GO 3,,53,407.95,189.95,https://www.padelnuestro.com/int/duo-pack-siux-diablo-go-3,Siux
PACK DUO SIUX ELECTRA LITE 3,,49,487.94,249.95,https://www.padelnuestro.com/int/pack-duo-siux-electra-lite-3,Siux
SIUX DIABLO DIABLO REVOLUTION 2 JUNIOR GREEN,,38,79.94,49.95,https://www.padelnuestro.com/int/siux-diablo-diablo-revolution-2-junior-green-28789-p,Siux
Siux INFERNAL,Exclusive,70,199.00,59.95,https://www.padelnuestro.com/int/siux-infernal-padel-racket-24188-p,Siux
SIUX FENIX III JAVI RUIZ PRO,Out of stock,,350.00,129.95,https://www.padelnuestro.com/int/siux-fenix-iii-javi-ruiz-pro-28751-p,Siux
SIUX BLACK CARBON SANDY SHINE,Out of stock,,229.95,129.95,https://www.padelnuestro.com/int/siux-black-carbon-sandy-shine,Siux
SIUX SX7 AIR,Out of stock,,109.00,59.95,https://www.padelnuestro.com/int/siux-sx7-air-28786-p,Siux
SIUX FENIX PRO 5 BLACK,,,324.95,229.95,https://www.padelnuestro.com/int/siux-fenix-pro-5-black,Siux
SIUX ELECTRA ST3 STUPA PRO,Out of stock,,295.00,164.95,https://www.padelnuestro.com/int/109477-p,Siux
SIUX FENIX PRO 4,Out of stock,,295.00,179.95,https://www.padelnuestro.com/int/siux-fenix-pro-4-109479-p,Siux
SIUX DIABLO REVOLUTION PRO 3,Out of stock,,295.00,164.95,https://www.padelnuestro.com/int/siux-diablo-revolution-pro-3-109473-p,Siux
SIUX BEAT JUNIOR 2025,Out of stock,,74.95,54.95,https://www.padelnuestro.com/int/siux-beat-junior-2025,Siux
SIUX ELECTRA ELITE 4 2025,Out of stock,,228.94,174.95,https://www.padelnuestro.com/int/siux-electra-elite-4-2025,Siux
SIUX BEAT HYBRID AIR 2 2025,Out of stock,,84.95,64.95,https://www.padelnuestro.com/int/siux-beat-hybrid-air-2-2025,Siux
SIUX VALKIRIA ELITE 2025 WOMAN,Out of stock,,228.94,159.95,https://www.padelnuestro.com/int/siux-valkiria-elite-2025-woman,Siux
SIUX SPARTAN REVOLUTION 2 2023,Out of stock,,290.00,89.95,https://www.padelnuestro.com/int/siux-spartan-revolution-2-2023-28763-p,Siux
SIUX ADRENALINE IBAI EDITION,Out of stock,,99.00,59.95,https://www.padelnuestro.com/int/siux-adrenaline-ibai-edition-27772-p,Siux
SIUX ELECTRA ST3 SPECIAL EDITION,Out of stock,,349.00,179.95,https://www.padelnuestro.com/int/siux-electra-st3-special-edition,Siux
SIUX GENESIS HYBRID 12K,Out of stock,,299.00,219.95,https://www.padelnuestro.com/int/siux-genesis-hybrid-12k-26376-p,Siux
SIUX FENIX 3K PADEL RACKET,Out of stock,,269.00,139.95,https://www.padelnuestro.com/int/siux-fenix-3k-padel-racket-22774-p,Siux
SIUX GENESIS POWER 12K,Out of stock,,245.00,244.95,https://www.padelnuestro.com/int/siux-genesis-power-12k-26377-p,Siux
SIUX TRILOGY CONTROL PRO 4,Out of stock,,295.00,189.95,https://www.padelnuestro.com/int/siux-trilogy-control-pro-4-109486-p,Siux
SIUX BEAT HYBRID,Out of stock,,79.00,64.95,https://www.padelnuestro.com/int/109468-p,Siux
SIUX BEAT HYBRID AIR,Out of stock,,79.00,64.95,https://www.padelnuestro.com/int/siux-beat-hybrid-air-109469-p,Siux
SIUX BEAT CONTROL,Out of stock,,79.00,62.95,https://www.padelnuestro.com/int/siux-beat-control-109467-p,Siux
SIUX ULTRA PRO,Out of stock,,329.95,169.95,https://www.padelnuestro.com/int/109487-p,Siux
SIUX ELECTRA ST2 CONTROL RACKET,Out of stock,,299.00,139.95,https://www.padelnuestro.com/int/siux-electra-st2-control-racket-30237-p,Siux
Siux Beat Kid,Out of stock,,68.95,49.95,https://www.padelnuestro.com/int/siux-beat-kid-109592-p,Siux
SIUX VELOX FLEX GREEN,,,149.00,134.95,https://www.padelnuestro.com/int/siux-velox-flex-green,Siux
SIUX SPYDER 4 CONTROL FLEX,,,,139.00,https://www.padelnuestro.com/int/siux-spyder-4-control-flex,Siux
SIUX VELOX FLEX BLUE,Out of stock,,149.00,134.95,https://www.padelnuestro.com/int/siux-velox-flex-blue,Siux
SIUX DIABLO DIABLO REVOLUTION 2 JUNIOR BLUE,Out of stock,,79.94,49.95,https://www.padelnuestro.com/int/siux-diablo-diablo-revolution-2-junior-blue-28788-p,Siux
STARVIE EXODUS GOLD 2025,,25,199.95,149.95,https://www.padelnuestro.com/int/starvie-exodus-gold-2025,Starvie
STARVIE EXODUS BLACK 2025,,25,199.95,149.95,https://www.padelnuestro.com/int/starvie-exodus-black-2025,Starvie
STARVIE ASTRUM PRO 2025,,34,279.95,184.95,https://www.padelnuestro.com/int/starvie-astrum-pro-2025-114811-p,Starvie
STARVIE BRAVA PRO 2025,,37,269.95,169.95,https://www.padelnuestro.com/int/starvie-brava-pro-2025-114815-p,Starvie
STARVIE DRAX 2025,,37,309.95,194.95,https://www.padelnuestro.com/int/starvie-drax-2025-114818-p,Starvie
STARVIE DRAX PRO TOUCH 2025,,35,309.95,199.95,https://www.padelnuestro.com/int/starvie-drax-pro-touch-2025-114817-p,Starvie
STARVIE JUNIOR 2025,,18,109.95,89.95,https://www.padelnuestro.com/int/starvie-junior-2025-114819-p,Starvie
STARVIE BRAVA 2025,,37,269.95,169.95,https://www.padelnuestro.com/int/starvie-brava-2025-114816-p,Starvie
Starvie Helion 2024,,35,169.94,109.95,https://www.padelnuestro.com/int/starvie-helion-2024-112014-p,Starvie
Starvie Titania Soft 2024,,58,189.95,79.95,https://www.padelnuestro.com/int/starvie-titania-soft-2024-112023-p,Starvie
Starvie Radar 2024,,35,175.95,114.95,https://www.padelnuestro.com/int/starvie-radar-2024-112021-p,Starvie
Starvie Titania Ultra Speed Soft 2024,,53,189.95,89.95,https://www.padelnuestro.com/int/starvie-titania-ultra-speed-soft-2024-112024-p,Starvie
Starvie Vesta 2024,,36,131.95,84.95,https://www.padelnuestro.com/int/starvie-vesta-2024-112028-p,Starvie
Starvie Junior 2024,,39,105.95,64.95,https://www.padelnuestro.com/int/starvie-junior-2024-112020-p,Starvie
STAR VIE KRAKEN PRO,,48,220.90,114.95,https://www.padelnuestro.com/int/star-vie-kraken-pro-21825-p,Starvie
STAR VIE S2 FLUOR CARBON EFFECT PADEL RACKET,Exclusive,65,300.00,104.95,https://www.padelnuestro.com/int/star-vie-s2-fluor-carbon-effect-padel-racket-23451-p,Starvie
STAR VIE COMET PADEL RACKET,,43,185.00,104.95,https://www.padelnuestro.com/int/star-vie-comet-padel-racket-26521-p,Starvie
STARVIE KENTA PRO 2025,Out of stock,,299.95,199.95,https://www.padelnuestro.com/int/starvie-kenta-pro-2025-114820-p,Starvie
STARVIE KENTA 2025,Out of stock,,299.95,196.95,https://www.padelnuestro.com/int/starvie-kenta-2025-114821-p,Starvie
STARVIE AQUILA PRO 2025,Out of stock,,214.94,144.95,https://www.padelnuestro.com/int/starvie-aquila-pro-2025-114809-p,Starvie
STARVIE AQUILA 2025,Out of stock,,214.94,144.95,https://www.padelnuestro.com/int/starvie-aquila-2025-114810-p,Starvie
STARVIE ASTRUM 2025,Out of stock,,279.95,184.95,https://www.padelnuestro.com/int/starvie-astrum-2025-114812-p,Starvie
STARVIE RAPTOR PRO TOUCH 2025,Out of stock,,264.95,174.95,https://www.padelnuestro.com/int/starvie-raptor-pro-touch-2025-114824-p,Starvie
STARVIE TITANIA PRO 2025,Out of stock,,204.95,134.95,https://www.padelnuestro.com/int/starvie-titania-pro-2025-114827-p,Starvie
STARVIE TRITÓN PRO TOUCH 2025,Out of stock,,284.95,214.95,https://www.padelnuestro.com/int/starvie-triton-pro-touch-2025-114829-p,Starvie
STARVIE BASALTO PRO 2025,Out of stock,,249.95,224.95,https://www.padelnuestro.com/int/starvie-basalto-pro-2025-114813-p,Starvie
STARVIE BASALTO 2025,Out of stock,,249.95,184.95,https://www.padelnuestro.com/int/starvie-basalto-2025-114814-p,Starvie
STARVIE METHEORA PRO TOUCH 2025,Out of stock,,259.94,169.95,https://www.padelnuestro.com/int/starvie-metheora-pro-touch-2025-114823-p,Starvie
STARVIE METHEORA DUAL 2025,Out of stock,,259.94,189.95,https://www.padelnuestro.com/int/starvie-metheora-dual-2025-114822-p,Starvie
STARVIE RAPTOR 2025,Out of stock,,264.95,174.95,https://www.padelnuestro.com/int/starvie-raptor-2025-114825-p,Starvie
STARVIE TITANIA LITE 2025,Out of stock,,204.95,134.95,https://www.padelnuestro.com/int/starvie-titania-lite-2025-114826-p,Starvie
STARVIE TRITÓN PRO 2025,Out of stock,,284.95,174.95,https://www.padelnuestro.com/int/starvie-triton-pro-2025-114828-p,Starvie
STARVIE TRITON 2025,Out of stock,,284.95,174.95,https://www.padelnuestro.com/int/starvie-triton-2025-114830-p,Starvie
Starvie Triton Soft,Out of stock,,252.95,179.95,https://www.padelnuestro.com/int/starvie-triton-soft-112026-p,Starvie
Starvie Aquila Pro 2024,Out of stock,,203.95,109.95,https://www.padelnuestro.com/int/starvie-aquila-pro-2024-112005-p,Starvie
Starvie Aquila Ultra Speed Soft 2024,Out of stock,,203.95,129.95,https://www.padelnuestro.com/int/starvie-aquila-ultra-speed-soft-2024-112007-p,Starvie
STARVIE CORVUS COLUMNS,Out of stock,,179.99,109.95,https://www.padelnuestro.com/int/starvie-corvus-columns-104426-p,Starvie
GOLD STAR VIE BASALT CARBON PADEL RACKET,Out of stock,,309.95,99.95,https://www.padelnuestro.com/int/star-vie-basalto-carbon-oro-19094-p,Starvie
STAR VIE METHEORA WARRIOR 2022,Out of stock,,379.90,74.95,https://www.padelnuestro.com/int/star-vie-metheora-warrior-2022-26517-p,Starvie
Star Vie Metheora Warrior,Out of stock,,364.99,129.95,https://www.padelnuestro.com/int/star-vie-metheora-warrior-30452-p,Starvie
Wilson Bela V3 WR186511U,,,,259.94,https://www.padelnuestro.com/int/pala-wilson-bela-v3-wr186511u,Wilson
Wilson Bela LS V3,,,,209.95,https://www.padelnuestro.com/int/wilson-bela-ls-v3,Wilson
WILSON DEFY PRO V1 PADEL 2025,,32,330.00,224.95,https://www.padelnuestro.com/int/wilson-defy-pro-v1-padel-2025,Wilson
WILSON DEFY V1 2025,,32,279.95,189.95,https://www.padelnuestro.com/int/wilson-defy-v1-2025,Wilson
WILSON DEFY LS V1 2025,,30,230.00,159.95,https://www.padelnuestro.com/int/wilson-defy-ls-v1-padel-2-2025,Wilson
WILSON PRO STAFF V2 TEAM BLACK AND RED,,72,160.00,44.95,https://www.padelnuestro.com/int/wilson-pro-staff-v2-team-black-and-red-27960-p,Wilson
WILSON BELA PRO PADEL V2.5,,35,339.95,219.95,https://www.padelnuestro.com/int/wilson-bela-pro-padel-v2-5-111818-p,Wilson
WILSON BLADE PRO V3 V3 PADEL,,34,289.95,189.95,https://www.padelnuestro.com/int/wilson-blade-pro-v3-v3-padel-113593-p,Wilson
WILSON PRO STAFF V2 TEAM,,72,160.00,44.95,https://www.padelnuestro.com/int/wilson-pro-staff-v2-team-27961-p,Wilson
WILSON BELA TEAM V2 RED,,61,219.95,84.95,https://www.padelnuestro.com/int/wilson-bela-team-v2-red-105139-p,Wilson
WILSON PRO STAFF ELITE V2,,39,220.00,134.95,https://www.padelnuestro.com/int/wilson-pro-staff-elite-v2-27959-p,Wilson
WILSON BELA PRO PADEL 2,Exclusive,54,349.95,159.95,https://www.padelnuestro.com/int/wilson-bela-pro-padel-2-30431-p,Wilson
WILSON OPTIX V1 BLACK PADEL 2,,30,99.95,69.95,https://www.padelnuestro.com/int/wilson-optix-v1-black-padel-2,Wilson
WILSON JUICE 2,,64,140.00,49.95,https://www.padelnuestro.com/int/wilson-juice-2,Wilson
WILSON BLADE TEAM V2 BLACK,,64,140.00,49.95,https://www.padelnuestro.com/int/wilson-blade-team-v2-black-27951-p,Wilson
WILSON BELA PRO V2,,60,374.95,149.95,https://www.padelnuestro.com/int/wilson-bela-pro-v2-105138-p,Wilson
WILSON CARBON FORCE PRO PADEL CARBON BLACK AND GREEN,Exclusive,60,249.00,99.95,https://www.padelnuestro.com/int/wilson-carbon-force-pro-padel-carbon-black-and-green-10913-p,Wilson
WILSON BELA ELITE PADEL 2,,55,310.00,139.95,https://www.padelnuestro.com/int/wilson-bela-elite-padel-2-30302-p,Wilson
WILSON OPTIX V1 WHITE PADEL 2,,30,99.95,69.95,https://www.padelnuestro.com/int/wilson-optix-v1-white-padel-2,Wilson
WILSON BLADE V3 PADEL,,34,249.95,164.95,https://www.padelnuestro.com/int/wilson-blade-v3-padel-113594-p,Wilson
WILSON BLADE LS V3  PADEL 2,,35,200.00,129.95,https://www.padelnuestro.com/int/wilson-blade-ls-v3-padel-2-113569-p,Wilson
Wilson Bela Pro V3 2025,Out of stock,,,309.95,https://www.padelnuestro.com/int/pala-wilson-bela-pro-v3-wr186411u,Wilson
WILSON CARBON FORCE PRO GOLD LTD,Out of stock,,249.00,75.95,https://www.padelnuestro.com/int/wilson-carbon-force-pro-gold-ltd-30432-p,Wilson
WILSON BLADE PRO PADEL V2 2 BLACK AND GREEN,Out of stock,,289.95,169.95,https://www.padelnuestro.com/int/wilson-blade-pro-padel-v2-2-black-and-green-27948-p,Wilson
WILSON BLADE LT PADEL 2,Out of stock,,260.00,104.95,https://www.padelnuestro.com/int/wilson-blade-lt-padel-2-27953-p,Wilson
Wilson ULTRA Elite V2 Padel,Out of stock,,190.00,104.95,https://www.padelnuestro.com/int/wilson-ultra-elite-v2-padel-27945-p,Wilson
WILSON BLADE TEAM V2,Out of stock,,140.00,39.95,https://www.padelnuestro.com/int/wilson-blade-team-v2-27952-p,Wilson
WILSON BELA TEAM PADEL 2,Out of stock,,220.00,89.95,https://www.padelnuestro.com/int/wilson-bela-team-padel-2-30303-p,Wilson
WILSON PRO STAFF V2 PADEL ALT 2,Out of stock,,315.00,89.95,https://www.padelnuestro.com/int/wilson-pro-staff-v2-padel-alt-2-27958-p,Wilson
WILSON PRO STAFF LT V2,Out of stock,,249.95,89.95,https://www.padelnuestro.com/int/wilson-pro-staff-lt-v2-27956-p,Wilson
WILSON BELA LT V2 WHITE,Out of stock,,340.00,159.95,https://www.padelnuestro.com/int/wilson-bela-lt-v2-white-105137-p,Wilson
WILSON BLADE ELITE V2,Out of stock,,210.00,84.95,https://www.padelnuestro.com/int/wilson-blade-elite-v2-27950-p,Wilson
WILSON INTRIGUE BLACK,Out of stock,,109.95,44.95,https://www.padelnuestro.com/int/wilson-intrigue-black-113173-p,Wilson
WILSON FIERCE ELITE 2 2025,,,140.00,44.95,https://www.padelnuestro.com/int/wilson-fierce-elite-2-2025,Wilson
WILSON BURN TEAM 2 2025,,,140.00,44.95,https://www.padelnuestro.com/int/wilson-burn-team-2-2025,Wilson
WILSON BELA LT V2.5 PADEL,Out of stock,,269.95,169.95,https://www.padelnuestro.com/int/wilson-bela-lt-v2-5-padel-111817-p,Wilson
WILSON BELA ELITE V2.5 PADEL,Out of stock,,229.95,149.95,https://www.padelnuestro.com/int/wilson-bela-elite-v2-5-padel-111816-p,Wilson
WILSON BELA JUNIOR,Out of stock,,119.95,54.95,https://www.padelnuestro.com/int/wilson-bela-junior-105356-p,Wilson
WILSON BELA ELITE V2 RED,Out of stock,,310.00,109.95,https://www.padelnuestro.com/int/wilson-bela-elite-v2-red-105136-p,Wilson
ADIDAS X-TREME BLACK/GOLD,Exclusive,73,219.95,59.95,https://www.padelnuestro.com/int/adidas-x-treme-black-gold-30448-p,Adidas
Adidas Metalbone Pro Edt 2025,,,,424.95,https://www.padelnuestro.com/int/pala-adidas-metalbone-pro-edt-2025-ar1aa4u11,Adidas
ADIDAS METALBONE 09 2025,,39,219.95,134.95,https://www.padelnuestro.com/int/adidas-metalbone-09-2025,Adidas
ADIDAS METALBONE HRD+ 3.4 2025,,24,390.00,294.95,https://www.padelnuestro.com/int/pala-adidas-metalbone-hrd-3-4-ar1aa1u22,Adidas
ADIDAS METALBONE 3.4 2025 - ALE GALÁN,,24,390.00,294.95,https://www.padelnuestro.com/int/adidas-metalbone-3-4-2025,Adidas
ADIDAS METALBONE CTRL 3.4 2025,,26,390.00,289.95,https://www.padelnuestro.com/int/adidas-metalbone-ctrl-3-4-2025,Adidas
ADIDAS METALBONE CARBON CTRL 3.4 2025,,31,260.00,179.95,https://www.padelnuestro.com/int/pala-adidas-metalbone-carbon-ctrl-3-4-ar1ca1u45,Adidas
ADIDAS METALBONE YOUTH 3.4 2025,,22,114.95,89.95,https://www.padelnuestro.com/int/adidas-metalbone-youth-3-4-2025,Adidas
ADIDAS ADIPOWER MULTIWEIGHT CTRL 3.4 2025,,25,400.00,299.95,https://www.padelnuestro.com/int/adidas-adipower-multiweight-ctrl-3-4-2025,Adidas
ADIDAS CROSS IT 3.4 2025,,24,349.95,264.95,https://www.padelnuestro.com/int/adidas-cross-lt-3-4-2025,Adidas
ADIDAS CROSS IT CTRL 3.4 2025,,43,350.00,199.95,https://www.padelnuestro.com/int/adidas-cross-lt-ctrl-3-4-2025,Adidas
ADIDAS METALBONE TEAM 3.4 2025,,25,200.00,149.95,https://www.padelnuestro.com/int/adidas-metalbone-team-3-4-2025,Adidas
ADIDAS METALBONE TEAM LIGHT 3.4 2025,,30,200.00,139.95,https://www.padelnuestro.com/int/pala-adidas-metalbone-team-light-3-4-ar2ca0u45,Adidas
ADIDAS ADIPOWER CARBON CTRL 2025,,24,270.00,204.95,https://www.padelnuestro.com/int/adidas-adipower-carbon-ctrl-2025,Adidas
ADIDAS ADIPOWER CARBON LIGHT 2025,,24,270.00,204.95,https://www.padelnuestro.com/int/adidas-adipower-carbon-light-2025,Adidas
ADIDAS METALBONE CTRL 3.3 2024,,54,379.95,174.95,https://www.padelnuestro.com/int/adidas-metalbone-ctrl-3-3-2024-110144-p,Adidas
ADIDAS ADIPOWER MULTIWEIGHT CTRL 3.3,,55,399.95,179.95,https://www.padelnuestro.com/int/adidas-adipower-multiweight-ctrl-3-3-110130-p,Adidas
ADIDAS ADIPOWER MULTIWEIGHT 3.3,,55,399.95,179.95,https://www.padelnuestro.com/int/adidas-adipower-multiweight-3-3-110129-p,Adidas
ADIDAS ADIPOWER CTRL MTW PRO EDT BY ALEX RUIZ,,49,450.00,229.95,https://www.padelnuestro.com/int/adidas-adipower-ctrl-mtw-pro-edt-by-alex-ruiz-112032-p,Adidas
ADIDAS METALBONE 3.3 2024 - ALE GALÁN,,51,379.95,184.95,https://www.padelnuestro.com/int/adidas-metalbone-3-3-2024-110141-p,Adidas
ADIDAS METALBONE HRD+,,50,389.95,194.95,https://www.padelnuestro.com/int/adidas-metalbone-hrd-110145-p,Adidas
ADIDAS METALBONE CARBON CTRL 3.3 2024,,50,259.95,129.95,https://www.padelnuestro.com/int/adidas-metalbone-carbon-ctrl-3-3-2024-110143-p,Adidas
ADIDAS METALBONE CARBON 3.3 2024,,50,259.95,129.95,https://www.padelnuestro.com/int/adidas-metalbone-carbon-3-3-2024-110142-p,Adidas
ADIDAS CROSS IT CTRL,,56,349.95,154.95,https://www.padelnuestro.com/int/adidas-cross-it-ctrl-110133-p,Adidas
ADIDAS CROSS IT TEAM LIGHT 2025,,25,180.00,134.95,https://www.padelnuestro.com/int/adidas-cross-it-team-light-2025,Adidas
ADIDAS CROSS IT CARBON CTRL 2025,,38,279.99,174.95,https://www.padelnuestro.com/int/adidas-cross-lt-carbon-ctrl-2025,Adidas
ADIDAS MATCH BLACK 3.4 2025,,27,74.95,54.95,https://www.padelnuestro.com/int/adidas-match-black-3-4-2025,Adidas
ADIDAS MATCH LIGHT 3.4 2025,,27,74.95,54.95,https://www.padelnuestro.com/int/adidas-match-light-3-4-2025,Adidas
ADIDAS MATCH BLUE 3.4 2025,,27,74.95,54.95,https://www.padelnuestro.com/int/adidas-match-blue-3-4-2025,Adidas
ADIDAS DRIVE BLACK 3.4 2025,,25,79.95,59.95,https://www.padelnuestro.com/int/adidas-adidas-drive-black-3-4-2025,Adidas
ADIDAS DRIVE GREY 3.4 2025,,38,79.95,49.95,https://www.padelnuestro.com/int/adidas-adidas-drive-grey-3-4-2025,Adidas
ADIDAS CROSS IT TEAM 2025,,25,179.95,134.95,https://www.padelnuestro.com/int/pala-adidas-cross-lt-team-ar2aa1u23,Adidas
ADIDAS RX SERIES LIME 3.4 2025,,38,120.00,74.95,https://www.padelnuestro.com/int/adidas-rx-series-lime-3-4-2025,Adidas
ADIDAS RX SERIES LIGHT 3.4 2025,,25,120.00,89.95,https://www.padelnuestro.com/int/adidas-rx-series-light-3-4-2025,Adidas
ADIDAS ADIPOWER GREENPADEL 2022,,50,230.00,114.95,https://www.padelnuestro.com/int/adidas-adipower-greenpadel-2022-25661-p,Adidas
ADIDAS X5 ULTIMATE RED,Exclusive,74,229.95,59.95,https://www.padelnuestro.com/int/adidas-x5-ultimate-red-29988-p,Adidas
ADIDAS ADIPOWER CTRL LITE 3.1 2022,,39,205.00,124.95,https://www.padelnuestro.com/int/adidas-adipower-ctrl-lite-3-1-2022-25666-p,Adidas
WOMEN’S ADIDAS RADOGAR PADEL RACKET,Exclusive,68,219.95,69.95,https://www.padelnuestro.com/int/women-s-adidas-radogar-padel-racket-23575-p,Adidas
ADIDAS RADOGAR ATTK,Exclusive,70,219.95,64.95,https://www.padelnuestro.com/int/adidas-radogar-attk-22963-p,Adidas
ADIDAS X5 ULTIMATE YELLOW,Exclusive,74,229.95,59.95,https://www.padelnuestro.com/int/adidas-x5-ultimate-yellow-29989-p,Adidas
ADIDAS MATCH LTD,Exclusive,33,89.95,59.95,https://www.padelnuestro.com/int/adidas-match-ltd-22962-p,Adidas
ADIDAS X-TREME WHITE GOLD PADEL RACKET,Exclusive,73,220.00,59.95,https://www.padelnuestro.com/int/adidas-x-treme-white-gold-padel-racket-30000-p,Adidas
ADIDAS METALBONE GREENPADEL 2022,,50,240.00,119.95,https://www.padelnuestro.com/int/adidas-metalbone-greenpadel-2022-25656-p,Adidas
ADIDAS X-TREME ORANGE BLACK,Exclusive,73,219.95,59.95,https://www.padelnuestro.com/int/adidas-x-treme-orange-black-30446-p,Adidas
BLACK AND WHITE ADIDAS X-TREME PADEL RACKET,Exclusive,73,220.00,59.95,https://www.padelnuestro.com/int/black-and-white-adidas-x-treme-padel-racket-29993-p,Adidas
ADIDAS XTREME BLACK LIMA,Exclusive,73,219.95,59.95,https://www.padelnuestro.com/int/adidas-xtreme-black-lima-31634-p,Adidas
ADIDAS  ADIPOWER CTRL MTW PRO EDT 2025,,,,449.95,https://www.padelnuestro.com/int/pala-adidas-adipower-ctrl-mtw-pro-edt-2025-ar1ca8u16,Adidas
racket Adidas Cross IT Pro Edt 2025 AR1CA9U18,,,,359.95,https://www.padelnuestro.com/int/pala-adidas-cross-it-pro-edt-2025-ar1ca9u18,Adidas
ADIDAS CROSS IT LIGHT 3.4 2025,Out of stock,,299.95,224.95,https://www.padelnuestro.com/int/adidas-cross-it-light-3-4-2025,Adidas
ADIDAS CROSS IT LIGHT,Out of stock,,299.95,159.95,https://www.padelnuestro.com/int/adidas-cross-it-light-110134-p,Adidas
ADIDAS MATCH 3.3 BLACK RED 2024,Out of stock,,74.95,54.95,https://www.padelnuestro.com/int/adidas-match-3-3-black-red-2024-110139-p,Adidas
ADIDAS MATCH LIGHT 3.3 2024,Out of stock,,74.95,54.95,https://www.padelnuestro.com/int/adidas-match-light-3-3-2024-110140-p,Adidas
ADIDAS ADIPOWER LIGHT 3.3,Out of stock,,219.95,129.95,https://www.padelnuestro.com/int/adidas-adipower-light-3-3-110128-p,Adidas
ADIDAS ADIPOWER JUNIOR 3.4 2024,Out of stock,,75.00,59.95,https://www.padelnuestro.com/int/adidas-adipower-junior-3-4-2024,Adidas
ADIDAS METALBONE YOUTH 3.3 2024,Out of stock,,114.95,69.95,https://www.padelnuestro.com/int/adidas-metalbone-youth-3-3-2024-110148-p,Adidas
ADIDAS METALBONE TEAM 3.3 2024,Out of stock,,199.95,119.95,https://www.padelnuestro.com/int/adidas-metalbone-team-3-3-2024-110146-p,Adidas
ADIDAS METALBONE HRD 2022,Out of stock,,380.00,149.95,https://www.padelnuestro.com/int/adidas-metalbone-hrd-2022-25654-p,Adidas
ADIDAS MATCH 3.3 BLACK LIME 2024,Out of stock,,74.95,54.95,https://www.padelnuestro.com/int/adidas-match-3-3-black-lime-2024-110138-p,Adidas
ADIDAS X-TREME PINK PADEL RACKET,Out of stock,,219.95,59.95,https://www.padelnuestro.com/int/adidas-x-treme-pink-padel-racket-29998-p,Adidas
ADIDAS ADIPOWER MULTIWEIGHT MASTER LTD 2023,Out of stock,,449.95,239.95,https://www.padelnuestro.com/int/adidas-adipower-multiweight-master-ltd-2023-108775-p,Adidas
ADIDAS RX CARBON 2023,Out of stock,,179.95,99.95,https://www.padelnuestro.com/int/catalog/product/view/id/5374/s/adidas-rx-carbon-2023-32313-p/category/26/,Adidas
ADIDAS METALBONE CTRL 3.2 2023,Out of stock,,379.95,149.95,https://www.padelnuestro.com/int/adidas-metalbone-ctrl-3-2-2023-32300-p,Adidas
ADIDAS RX 2000 LIGHT 2023,Out of stock,,129.95,64.95,https://www.padelnuestro.com/int/catalog/product/view/id/5376/s/adidas-rx-2000-light-2023-32315-p/category/26/,Adidas
ADIDAS GREENPADEL RK1CC7U15 GREEN,Out of stock,,210.00,99.95,https://www.padelnuestro.com/int/adidas-greenpadel-rk1cc7u15-green,Adidas
